player_name,position,team,blended_ppg,shrunk_ppg,total_games
Josh Allen,QB,BUF,23.306698529411765,21.736596832318835,49
Jalen Hurts,QB,PHI,20.413554411764707,19.135837214834545,48
Lamar Jackson,QB,BAL,20.419059954751134,19.0915645337483,46
Puka Nacua,WR,LA,20.927560160427806,18.998992404875114,44
Jahmyr Gibbs,RB,DET,20.54407843137255,18.860579531303006,49
Christian McCaffrey,RB,SF,20.92919117647059,18.722141967763307,37
Ja'Marr Chase,WR,CIN,20.258264705882354,18.57803534133032,49
Bijan Robinson,RB,ATL,19.986470588235296,18.4207373874458,51
Brock Purdy,QB,SF,19.16775555555556,17.830322175186563,40
Patrick Mahomes,QB,KC,18.944375,17.787035535314608,46
Amon-Ra St. Brown,WR,DET,19.305602941176474,17.757448575781357,50
Jonathan Taylor,RB,IND,19.07031092436975,17.288399552841916,41
De'Von Achane,RB,MIA,18.883489304812834,17.2309112099235,44
Jared Goff,QB,DET,18.169882352941176,17.19558943572561,51
Baker Mayfield,QB,TB,17.794823529411765,16.860010488357187,51
Joe Burrow,QB,CIN,18.142597058823533,16.792085241345934,35
Matthew Stafford,QB,LA,17.768139705882355,16.784357476272454,48
Drake Maye,QB,NE,18.35381221719457,16.78052678756102,30
Bo Nix,QB,DEN,18.057352941176468,16.68586494590899,34
Trevor Lawrence,QB,JAX,17.731867647058824,16.652140952242632,43
Justin Herbert,QB,LAC,17.631138009049774,16.625325889474023,46
Dak Prescott,QB,DAL,17.64791176470588,16.556185249041803,42
Jayden Daniels,QB,WAS,18.098760504201678,16.261828331239997,24
CeeDee Lamb,WR,DAL,17.76198190045249,16.243650170692046,45
Caleb Williams,QB,CHI,17.41926470588235,16.14348994590899,34
Derrick Henry,RB,BAL,17.270705882352942,15.99084265060369,51
Kyren Williams,RB,LA,17.35947303921569,15.918594467629733,45
Saquon Barkley,RB,PHI,17.06339285714286,15.684386586788113,46
Jaxon Smith-Njigba,WR,SEA,16.871176470588235,15.606438126051444,51
Kyler Murray,QB,ARI,16.93829411764706,15.60092837127143,30
James Cook,RB,BUF,16.850036764705884,15.592390523566154,50
Jordan Love,QB,GB,16.172376470588233,15.350684753849182,47
Jaxson Dart,QB,NYG,17.39857142857143,14.85322989181798,14
Josh Jacobs,RB,GB,16.131825037707394,14.835375642769472,45
Nico Collins,WR,HOU,16.250333333333334,14.826061941352757,42
Davante Adams,WR,LA,16.05760416054534,14.739787459009264,45
Rashee Rice,WR,KC,16.805,14.696381564262712,28
Joe Mixon,RB,HOU,16.542436974789915,14.688853440618859,31
Trey McBride,TE,ARI,15.997720588235296,14.678797993741982,50
A.J. Brown,WR,PHI,15.802835595776774,14.514991666566413,45
C.J. Stroud,QB,HOU,15.238359103641457,14.508636857766666,46
Justin Jefferson,WR,MIN,15.61305882352941,14.322231228404528,44
Drake London,WR,ATL,15.522544117647058,14.267675656451958,45
Justin Fields,QB,NYJ,15.001841025641026,14.040618701496642,32
Daniel Jones,QB,IND,15.007410256410257,13.962842722064487,29
Tyreek Hill,WR,MIA,15.268088235294117,13.815261346298014,37
Derek Carr,QB,NO,14.654470588235293,13.610766779354927,27
Tee Higgins,WR,CIN,14.8825,13.545654959665162,39
Breece Hall,RB,NYJ,14.525367647058822,13.498455378005321,49
George Pickens,WR,DAL,14.548655462184874,13.471711766107521,48
Tua Tagovailoa,QB,MIA,13.989820473644002,13.35535536936266,42
George Kittle,TE,SF,14.612909090909092,13.247267501166002,42
Malik Nabers,WR,NYG,15.711875000000001,13.106503927397293,19
Geno Smith,QB,LV,13.547584313725489,13.023038878895427,47
Chris Olave,WR,NO,14.1925,12.974716808368093,40
Garrett Wilson,WR,NYJ,14.143025210084033,12.957468229752717,41
Brock Bowers,TE,LV,14.867769607843137,12.951199339006777,29
Chase Brown,RB,CIN,13.925857843137255,12.888934000501703,45
Stefon Diggs,WR,NE,13.978470588235295,12.838182039391972,42
Bryce Young,QB,CAR,13.320714285714287,12.812258749600323,46
Alvin Kamara,RB,NO,13.9363986013986,12.733072225853572,38
Sam Darnold,QB,SEA,13.242776470588236,12.72333525084484,44
Zay Flowers,WR,BAL,13.584411764705884,12.649242168218331,50
D'Andre Swift,RB,CHI,13.535,12.61612783789837,49
Mike Evans,WR,TB,13.774957983193278,12.585785211766003,39
Bucky Irving,RB,TB,14.216544117647057,12.561173401844878,27
Tyler Shough,QB,NO,14.541818181818183,12.555564578609388,11
Travis Etienne,RB,JAX,13.38694117647059,12.484220886026714,49
Courtland Sutton,WR,DEN,13.398566176470588,12.466667560581657,49
Kirk Cousins,QB,ATL,13.0845,12.426015732535777,32
DeVonta Smith,WR,PHI,13.406832579185519,12.42021676591281,46
Keenan Allen,WR,LAC,13.382452488687782,12.379359513252599,45
Kenneth Walker III,RB,SEA,13.244602495543672,12.248774252914046,43
Ashton Jeanty,RB,LV,14.535294117647059,12.077044829756971,17
James Conner,RB,ARI,13.371250000000002,12.067158712747643,32
DK Metcalf,WR,PIT,12.9615,12.02626871509485,46
Russell Wilson,QB,NYG,12.589030303030302,12.008778092982348,32
Javonte Williams,RB,DAL,12.784558823529412,11.94755297158821,49
Joe Flacco,QB,CIN,12.637537566137567,11.91687216096125,25
Terry McLaurin,WR,WAS,12.861764705882353,11.901092404875117,44
DJ Moore,WR,CHI,12.66,11.83854338920934,51
Jacoby Brissett,QB,ARI,12.562,11.807261994357228,23
David Montgomery,RB,DET,12.663411764705883,11.77501099012108,45
Easton Stick,QB,LAC,15.112,11.731327076032692,5
Chris Godwin Jr.,WR,TB,12.843361344537815,11.614561475761029,33
Rhamondre Stevenson,RB,NE,12.476809523809525,11.536621735331934,41
Ladd McConkey,WR,LAC,12.665625,11.43255192591927,32
Marcus Mariota,QB,WAS,12.427,11.42331418268379,15
Deshaun Watson,QB,CLE,12.572190476190476,11.417003896149252,13
Deebo Samuel Sr.,WR,WAS,12.242583333333336,11.390303971505109,46
Michael Pittman,WR,IND,12.142867647058825,11.34795432528754,49
Travis Kelce,TE,KC,12.276779411764707,11.32244574078689,48
Tony Pollard,RB,TEN,12.060625000000002,11.316130019364474,50
Cam Skattebo,RB,NYG,15.9625,11.312287934600743,8
J.J. McCarthy,QB,MIN,12.738,11.304037364772475,10
Aaron Rodgers,QB,PIT,11.624132352941176,11.21762744590899,34
Jakobi Meyers,WR,JAX,12.008378306878308,11.1986934643059,47
Jameson Williams,WR,DET,12.049980392156865,11.186722208796686,44
Brian Thomas Jr.,WR,JAX,12.372899159663863,11.153968841473297,31
Omarion Hampton,RB,LAC,15.077777777777776,11.09146873896069,9
J.K. Dobbins,RB,DEN,12.561153846153847,11.07132411307009,24
Tank Dell,WR,HOU,12.600000000000001,11.051232439497744,24
Cam Ward,QB,TEN,11.803529411764705,11.04976512331998,17
Wan'Dale Robinson,WR,NYG,11.809492647058825,11.036900374884368,48
Aaron Jones,RB,MIN,11.887669340463459,11.003887058759755,40
Jaylen Waddle,WR,MIA,11.815392857142857,10.996659838360017,45
Sam LaPorta,TE,DET,11.980874183006536,10.944236956751265,42
Jaylen Warren,RB,PIT,11.66402205882353,10.936020183480368,48
Michael Penix Jr.,QB,ATL,11.799166666666666,10.933646558484647,14
Jordan Addison,WR,MIN,11.678529411764707,10.89133319473286,46
Carson Wentz,QB,MIN,12.366000000000001,10.886614131168542,8
Jameis Winston,QB,NYG,11.41278787878788,10.836167515850661,20
Rachaad White,RB,TB,11.516705882352941,10.818011260358263,49
Will Levis,QB,TEN,11.297888888888888,10.768157944556528,21
Rico Dowdle,RB,CAR,11.348088235294117,10.667788265705857,49
Mac Jones,QB,SF,10.951490909090907,10.629797550717594,32
Chuba Hubbard,RB,CAR,11.305725490196078,10.604549606106152,47
Tetairoa McMillan,WR,CAR,12.552941176470588,10.545085790649228,17
Quentin Johnston,WR,LAC,11.261420814479639,10.507860977186589,45
Spencer Rattler,QB,NO,11.088214285714285,10.495273927626734,16
RJ Harvey,RB,DEN,12.270588235294118,10.403131786278712,17
TreVeyon Henderson,RB,NE,12.247058823529413,10.385740481930887,17
Tucker Kraft,TE,GB,11.328193277310923,10.309471023398048,39
Brandon Aiyuk,WR,SF,11.62857142857143,10.227383311795696,23
Dallas Goedert,TE,PHI,11.225142857142856,10.22016065925239,39
Jayden Reed,WR,GB,11.051764705882352,10.206909818374129,38
Christian Watson,WR,GB,11.127539682539682,10.162712377147225,33
Jauan Jennings,WR,SF,10.77897435897436,10.053732053486321,43
Shedeur Sanders,QB,CLE,10.8625,10.027471274025686,8
Tyrone Tracy Jr.,RB,NYG,10.892892156862745,9.98012052905311,32
Cooper Kupp,WR,SEA,10.716041666666667,9.951709561991281,40
Michael Wilson,WR,ARI,10.590879524886878,9.929181371725551,46
Quinshon Judkins,RB,CLE,11.985714285714286,9.923601554220518,14
Marvin Harrison Jr.,WR,ARI,10.930759803921568,9.889400214247363,29
Amari Cooper,WR,BUF,10.901190476190475,9.834420779948989,28
Rome Odunze,WR,CHI,10.849816176470588,9.822332637216554,29
Zack Moss,RB,CIN,11.08107142857143,9.801985804035066,22
Khalil Shakir,WR,BUF,10.32625,9.706994777074193,47
Emeka Egbuka,WR,TB,11.394117647058822,9.688564051518794,17
Zach Charbonnet,RB,SEA,10.230735294117647,9.672328372657729,49
Alec Pierce,WR,IND,10.25860294117647,9.658331747433385,48
Jeff Driskel,QB,CLE,13.940000000000001,9.632085405194228,1
Harold Fannin Jr.,TE,CLE,11.775,9.569393556263009,16
Romeo Doubs,WR,GB,10.160322398190047,9.548303913493738,46
Malik Willis,QB,GB,9.843499999999999,9.533699879797755,12
Josh Downs,WR,IND,10.105378151260503,9.511127288569357,47
David Njoku,TE,CLE,10.428636363636363,9.509428183090183,38
Joshua Dobbs,QB,NE,9.672083333333335,9.490167246787719,19
Philip Rivers,QB,IND,10.553333333333333,9.460510870706623,3
Kyle Pitts,TE,ATL,10.130588235294118,9.452397512943618,51
Tyrod Taylor,QB,NYJ,9.577466666666666,9.411624909848317,18
Joe Milton III,QB,DAL,9.89,9.357690712396327,5
Jake Ferguson,TE,DAL,9.997563025210084,9.296475619405003,48
Tyler Warren,TE,IND,11.088235294117647,9.157680792947225,17
Mark Andrews,TE,BAL,9.892705882352942,9.148114341226313,44
Hunter Henry,TE,NE,9.829688914027148,9.121006697750673,46
Jerry Jeudy,WR,CLE,9.561911764705883,9.057724311075471,50
Calvin Ridley,WR,TEN,9.610336134453782,9.00342031271356,41
Kareem Hunt,RB,KC,9.501447963800906,8.985042930499043,45
Tyler Huntley,QB,BAL,8.9184,8.917171325540933,15
Ryan Tannehill,QB,TEN,8.893333333333333,8.901639855757306,9
Dalton Kincaid,TE,BUF,9.484070512820514,8.744118069434624,41
Dalton Schultz,TE,HOU,9.345686274509804,8.728459739795756,49
Rashid Shaheed,WR,NO,9.303851851851853,8.710826564603435,39
Anthony Richardson,QB,IND,8.638363636363636,8.710294767588756,17
Juwan Johnson,TE,NO,9.36943891402715,8.701008026843292,45
Quinn Ewers,QB,MIA,8.295,8.666459783635961,4
Alexander Mattison,RB,LV,9.31857142857143,8.617477053932037,30
Austin Ekeler,RB,WAS,9.345357142857143,8.598295031894423,28
T.J. Hockenson,TE,MIN,9.301666666666666,8.569420106618539,40
Xavier Worthy,WR,KC,9.29375,8.554152032914786,30
Zach Ertz,TE,WAS,9.321758241758243,8.53562123681026,37
Tommy DeVito,QB,NYG,8.290222222222223,8.510414251812003,11
Colston Loveland,TE,CHI,10.31875,8.5103026471721,16
Kenny Gainwell,RB,PIT,8.88960294117647,8.48486032398632,50
Tyjae Spears,RB,TEN,8.945565610859727,8.466370557094145,42
Marquise Brown,WR,KC,9.090432692307692,8.403794233688398,31
Darren Waller,TE,MIA,9.734920634920636,8.391110798930352,21
Isiah Pacheco,RB,KC,8.88054945054945,8.315267810077293,34
Ricky Pearsall,WR,SF,9.340277777777777,8.305481874634147,20
Evan Engram,TE,DEN,8.952303921568628,8.294237977993095,42
Desmond Ridder,QB,LV,8.100800000000001,8.28848453216768,20
Jake Browning,QB,CIN,8.009333333333334,8.256087780440588,16
Tanner McKee,QB,PHI,7.553749999999999,8.233924819696632,6
Aidan O'Connell,QB,LV,7.99969696969697,8.202897562962814,21
Shane Buechele,QB,KC,3.92,8.200656833765658,1
Jimmy Garoppolo,QB,LA,7.565619047619046,8.041553374127595,11
Woody Marks,RB,HOU,9.06875,7.989637776564109,16
Cade Otton,TE,TB,8.499635854341737,7.9444212987981935,46
Case Keenum,QB,HOU,4.87,7.903074729544951,2
Riley Leonard,QB,IND,6.6,7.862236166941781,5
Parker Washington,WR,JAX,8.334017857142857,7.859764812644565,38
Trevor Siemian,QB,NYJ,6.5920000000000005,7.8585998033054185,5
Keon Coleman,WR,BUF,8.491987179487179,7.7882791184552165,25
Mason Rudolph,QB,PIT,7.3705,7.7731781667982425,17
Tre Tucker,WR,LV,8.142262443438913,7.770251094840777,47
Dillon Gabriel,QB,CLE,7.008,7.722787364772476,10
Bailey Zappe,QB,CLE,7.0472,7.706105755079977,11
Brian Robinson,RB,SF,8.016235294117648,7.6811318194965805,46
Skylar Thompson,QB,MIA,3.940000000000001,7.670574729544951,2
Andy Dalton,QB,CAR,7.002000000000001,7.639366546464423,12
Pat Freiermuth,TE,PIT,8.187254901960785,7.636298347389794,43
Adrian Martinez,QB,SF,-0.1,7.626371119479943,1
Jacory Croskey-Merritt,RB,WAS,8.488235294117647,7.607479612365669,17
Jalen McMillan,WR,TB,8.577644230769229,7.606822830783006,17
Matt Barkley,QB,JAX,-0.30000000000000004,7.597799690908515,1
Logan Woodside,QB,ATL,-0.31999999999999984,7.594942548051372,1
Nathan Peterman,QB,CHI,-0.4000000000000001,7.5835139766228,1
Jalen Coker,WR,CAR,8.291818181818181,7.555606185176153,22
Kyle Monangai,RB,CHI,8.394117647058824,7.537914394974365,17
Jonnu Smith,TE,PIT,7.948823529411765,7.500292249785723,51
Najee Harris,RB,LAC,7.8674509803921575,7.48297017113768,37
Luther Burden III,WR,CHI,8.526666666666667,7.4779511040443944,15
Davis Mills,QB,HOU,6.9013,7.476385611255219,15
Troy Franklin,WR,DEN,7.936626838235294,7.462709201197358,33
Brady Cook,QB,NYJ,5.692,7.4495088942145085,5
Gus Edwards,RB,LAC,7.943422459893048,7.443760587100463,28
Michael Thomas,WR,NO,8.98,7.433560824058268,10
Blaine Gabbert,QB,KC,2.9500000000000006,7.42307472954495,2
Darrell Henderson,RB,LA,10.875,7.41720310844104,4
Oronde Gadsden II,TE,LAC,8.893333333333334,7.406031344656485,15
Christian Kirk,WR,HOU,7.861568181818182,7.374205049224214,31
Brian Hoyer,QB,LV,2.47,7.30307472954495,2
Jordan Mason,RB,MIN,7.574375,7.278890621688207,44
DeAndre Hopkins,WR,BAL,7.520904977375566,7.235396822387689,50
Nick Chubb,RB,HOU,7.702083333333334,7.2007778844433465,25
Darnell Mooney,WR,ATL,7.49297619047619,7.182762779536486,45
Michael Carter,RB,ARI,7.552706552706553,7.156917141035501,31
Josh Johnson,QB,WAS,5.568958333333334,7.112869705360996,7
Kendrick Bourne,WR,SF,7.466785714285715,7.075192186766165,34
Devaughn Vele,WR,NO,7.67628205128205,7.071970654040621,22
PJ Walker,QB,CLE,4.792,7.0404179851236,5
DeMario Douglas,WR,NE,7.323125000000001,7.038475445864083,46
Darius Slayton,WR,NYG,7.29611344537815,7.019892549390667,47
Taylor Heinicke,QB,LAC,5.748,7.014439855757307,9
Tyler Higbee,TE,LA,7.661666666666667,6.960391908954495,28
Justice Hill,RB,BAL,7.193250000000001,6.927559172008733,41
Theo Johnson,TE,NYG,7.646590909090909,6.904313183567182,26
Devin Singletary,RB,NYG,7.121882352941176,6.902623025064146,49
Jayden Higgins,WR,HOU,7.617647058823529,6.897259703692708,17
Taysom Hill,TE,NO,7.415596153846154,6.8954352541882304,37
Audric Estimé,RB,NO,7.474999999999999,6.884251295183765,18
Mitchell Trubisky,QB,BUF,6.15945,6.878054253754765,17
Logan Thomas,TE,WAS,8.05,6.8603026471721,16
Tim Boyle,QB,MIA,4.800833333333332,6.8574664863633,6
Tyler Allgeier,RB,ATL,7.051764705882354,6.847579492708955,51
Sean Clifford,QB,GB,0.64,6.845574729544951,2
Tyrell Shavers,WR,BUF,7.797727272727273,6.817205580981086,12
Jerome Ford,RB,CLE,7.03305753070459,6.802531248708247,44
AJ Barner,TE,SEA,7.377941176470589,6.795283575916974,32
AJ McCarron,QB,CIN,0.38000000000000006,6.78057472954495,2
Brenton Strange,TE,JAX,7.325952380952381,6.76623299510807,33
Chig Okonkwo,TE,TEN,7.111176470588235,6.744383602985678,50
Kayshon Boutte,WR,NE,7.090142857142857,6.737409068776413,32
Chris Oladokun,QB,KC,3.354166666666667,6.690126450302627,4
Kedon Slovis,QB,ARI,-0.04,6.675574729544951,2
Tony Jones,RB,ARI,7.995238095238096,6.664515211621313,7
Mike Williams,WR,NYJ,7.286458333333334,6.652468037026042,17
Jaren Hall,QB,MIN,2.0400000000000005,6.622733092928845,3
Elic Ayomanor,WR,TEN,7.28125,6.619862417496922,16
Kimani Vidal,RB,LAC,7.03076923076923,6.619605505761909,22
Miles Sanders,RB,DAL,6.840681818181819,6.560355876974238,31
Cole Kmet,TE,CHI,6.880625,6.525864041440484,48
Xavier Legette,WR,CAR,6.848333333333334,6.516304810692564,30
Trey Benson,RB,ARI,6.999999999999999,6.485092322018653,16
Adam Thielen,WR,MIN,6.651263616557734,6.422101733272327,41
A.T. Perry,WR,NO,7.575,6.409783798923733,8
Sam Howell,QB,SEA,5.555764705882353,6.395348439260082,18
Colby Parkinson,TE,LA,6.756059523809524,6.395085035474799,45
Jerick McKinnon,RB,KC,7.03,6.390668393578355,12
Raheem Mostert,RB,LV,6.5494615384615384,6.361967230931998,40
Chimere Dike,WR,TEN,6.829411764705882,6.314651008040533,17
Mack Hollins,WR,NE,6.511862745098039,6.309123902533631,43
Ezekiel Elliott,RB,DAL,6.5329411764705885,6.308582861354453,32
Tory Horton,WR,SEA,7.3875,6.3026409417808775,8
Dontayvion Wicks,WR,GB,6.488851282051282,6.296770213279215,45
Tyler Boyd,WR,TEN,6.539058823529412,6.273338303628249,32
Brett Rypien,QB,CIN,0.9685714285714287,6.265590235785988,3
C.J. Beathard,QB,JAX,3.5766666666666667,6.245383153029967,6
Hendon Hooker,QB,DET,0.8933333333333334,6.240510870706623,3
Isaiah Likely,TE,BAL,6.612452380952381,6.2390894863156126,41
Demarcus Robinson,WR,SF,6.421554621848739,6.212835631934069,39
Josh Palmer,WR,BUF,6.421166666666666,6.202793950037185,37
Drew Lock,QB,SEA,4.992952380952381,6.169296558484646,14
Rashod Bateman,WR,BAL,6.347596153846155,6.168624079083262,44
Mike Gesicki,TE,CIN,6.5084583333333335,6.1630687055330515,43
Diontae Johnson,WR,BAL,6.438261738261739,6.121841830107134,24
Gardner Minshew,QB,KC,5.5571,6.116599939898878,30
Theo Wease Jr.,WR,MIA,8.633333333333333,6.1152192427702525,3
Jarrett Stidham,QB,DEN,2.6890000000000005,6.084508894214509,5
Gabe Davis,WR,BUF,6.2695,6.046341399603481,32
Devin Neal,RB,NO,6.666666666666667,6.044802072294026,9
Jawhar Jordan,RB,HOU,7.425,6.037203108441039,4
Jalen Milroe,QB,SEA,0.13333333333333333,5.987177537373289,3
Noah Fant,TE,CIN,6.314930402930403,5.986536149184649,42
Brandon Allen,QB,TEN,1.595,5.9864597836359605,4
Marvin Mims Jr.,WR,DEN,6.110710784313726,5.971316496888724,48
Phil Mafah,RB,DAL,10.9,5.938861583487198,1
Chris Rodriguez Jr.,RB,WAS,6.07,5.900942090717953,28
Trey Lance,QB,LAC,3.6224999999999996,5.890328416882829,8
Andrei Iosivas,WR,CIN,6.032549019607844,5.888501653634072,43
D'Onta Foreman,RB,CLE,6.129333333333333,5.8851745767097485,19
Quez Watkins,WR,PHI,7.040000000000002,5.848815744084753,5
Rondale Moore,WR,ARI,6.176470588235294,5.83204231238836,17
Noah Brown,WR,WAS,6.048136363636363,5.817431686317462,25
Cedric Tillman,WR,CLE,5.983636363636364,5.8056141268762085,32
Bam Knight,RB,ARI,6.091666666666667,5.7977682208871855,14
Tez Johnson,WR,TB,6.16,5.787474913568204,15
Sincere McCormick,RB,LV,6.800000000000001,5.787203108441039,4
Bhayshul Tuten,RB,JAX,6.04,5.774858623067161,15
Olamide Zaccheaus,WR,CHI,5.871753246753247,5.7421033255705405,41
Mason Taylor,TE,NYJ,6.684615384615385,5.738245170409799,13
Dylan Sampson,RB,CLE,5.973333333333334,5.727239575448113,15
Calvin Austin III,WR,PIT,5.763203781512605,5.660519828604239,47
Salvon Ahmed,RB,MIA,6.128571428571428,5.659387006493107,7
Teddy Bridgewater,QB,TB,0.6285714285714286,5.599888355064532,4
Bub Means,WR,NO,6.699999999999999,5.593697318493227,4
La'Mical Perine,RB,KC,7.000000000000002,5.584003885551299,2
Samaje Perine,RB,CIN,5.640588235294118,5.58292462934222,49
Kristian Wilkerson,WR,LV,9.8,5.5624247407046115,1
Malik Washington,WR,MIA,5.664810924369747,5.533678698389039,31
Greg Dortch,WR,ARI,5.564240196078432,5.480936902126699,45
Pat Bryant,WR,DEN,5.753846153846154,5.470367009733278,13
D.J. Montgomery,WR,IND,7.300000000000001,5.467121648116535,2
Ryan Flournoy,WR,DAL,5.591666666666667,5.444565772831076,24
Brandin Cooks,WR,BUF,5.500148148148149,5.414283354726891,39
Latavius Murray,RB,BUF,5.526666666666667,5.408191956400495,15
Tyler Lockett,WR,LV,5.459131652661064,5.3956611836955535,51
Sterling Shepard,WR,TB,5.483692307692308,5.394045149091793,36
Tutu Atwell,WR,LA,5.476571428571429,5.390002698652911,37
Tyler Johnson,WR,NYJ,5.520808080808081,5.373108995626,21
Elijah Moore,WR,BUF,5.423668300653595,5.3527300377579845,42
Antonio Gibson,RB,NE,5.387205882352941,5.349678513950503,38
DeVante Parker,WR,NE,5.569230769230769,5.344051220259593,13
Jalen Tolbert,WR,DAL,5.396757703081232,5.330562335049495,43
Jalen Nailor,WR,MIN,5.396274509803922,5.317233683611452,35
Michael Gallup,WR,DAL,5.487499999999999,5.315316962951466,16
David Bell,WR,CLE,5.584444444444445,5.311338601836045,10
Blake Corum,RB,LA,5.330147058823529,5.295703604388509,32
Ty Johnson,RB,BUF,5.288235294117648,5.266656096560597,43
Dawson Knox,TE,BUF,5.496553571428572,5.260626110759327,40
Isaac TeSlaa,WR,DET,5.421428571428572,5.251848659246614,14
KaVontae Turpin,WR,DAL,5.291936274509804,5.243516932618571,48
Melvin Gordon,RB,BAL,5.425,5.237203108441038,4
Allen Lazard,WR,NYJ,5.286349206349207,5.223395009930598,35
Kevin Austin Jr.,WR,NO,5.390625,5.221847272891172,13
DJ Chark,WR,LAC,5.3221428571428575,5.205647692229322,18
Ainias Smith,WR,PHI,5.8999999999999995,5.204108131659142,3
Hunter Renfrow,WR,CAR,5.304421768707484,5.2009772522723825,20
Kevin Harris,RB,NE,5.325,5.197203108441039,4
Gunnar Helm,TE,TEN,5.73125,5.173939010808462,16
Tay Martin,WR,WAS,5.8062499999999995,5.172858131659142,3
Kenny Pickett,QB,LV,4.155066666666667,5.139694178265274,23
Jake Tonges,TE,SF,5.831250000000001,5.116758790988121,12
Emari Demercado,RB,ARI,5.107534965034965,5.108173567277836,36
Raheim Sanders,RB,CLE,5.075,5.09720310844104,4
Jacob Kibodi,RB,CLE,4.9,5.0817187263443415,1
Donald Parham,TE,LAC,5.678571428571429,5.081332911889309,14
Kendre Miller,RB,NO,5.070714285714285,5.080242953796004,20
Jaleel McLaughlin,RB,DEN,5.069558823529412,5.074977507428006,41
Curtis Samuel,WR,BUF,5.088333333333333,5.055166028212673,36
Brittain Brown,RB,CHI,4.85,5.046503885551299,2
Adonai Mitchell,WR,IND,5.079038461538461,5.044749805530808,33
Tyson Bagent,QB,CHI,2.9159000000000006,5.032911637432918,11
Zay Jones,WR,ARI,5.080555555555556,5.030690364874035,21
Emanuel Wilson,RB,GB,5.006705882352941,5.020745788803891,39
Matthew Golden,WR,GB,5.0,4.956848659246614,14
Tyler Conklin,TE,LAC,5.138026960784313,4.944660215741654,39
Elijah Dotson,RB,LAC,3.9000000000000004,4.938861583487198,1
Nick Westbrook-Ikhine,WR,MIA,4.950164835164834,4.937903621554906,40
Travis Hunter,CB,JAX,9.114285714285716,4.923164398325689,7
Chris Conley,WR,SF,4.866666666666667,4.862727490724934,10
Zach Wilson,QB,MIA,3.340238095238095,4.86038215273496,16
Blake Watson,RB,DEN,3.3,4.853147297772913,1
Tanner Hudson,TE,CIN,5.076666666666666,4.85144121363386,31
Jake Funk,RB,IND,3.2000000000000006,4.838861583487199,1
Kyle Trask,QB,TB,-0.060000000000000005,4.834963439669054,5
Deon Jackson,RB,IND,4.000000000000001,4.834003885551299,2
Dorian Thompson-Robinson,QB,CLE,2.9285714285714284,4.818738231988851,13
Keelan Doss,WR,LAC,4.65,4.804621648116535,2
Lil'Jordan Humphrey,WR,DEN,4.775930735930736,4.7885988614398896,32
MarShawn Lloyd,RB,GB,2.8,4.781718726344342,1
Jake Haener,QB,NO,1.655,4.766042702597114,8
Tim Patrick,WR,JAX,4.745576923076922,4.765091971502532,28
Ray Davis,RB,BUF,4.697058823529412,4.75930077711026,34
Josh Reynolds,WR,NYJ,4.7176923076923085,4.741430003085978,29
JuJu Smith-Schuster,WR,KC,4.71903743315508,4.7373207350662305,39
Michael Mayer,TE,LV,4.904335664335664,4.734583205074552,37
Jared Wayne,WR,HOU,4.0,4.733853312133182,1
Keaton Mitchell,RB,BAL,4.637912087912088,4.7327307064766835,24
Nelson Agholor,WR,BAL,4.693653846153847,4.721512420668395,29
Devine Ozigbo,RB,DET,2.3,4.71029015491577,1
Nick Mullens,QB,JAX,2.763600000000001,4.705863044018927,13
Austin Hooper,TE,NE,4.837533936651584,4.704869602379982,46
Braelon Allen,RB,NYJ,4.582536764705882,4.7001964127123665,21
Jaret Patterson,RB,LAC,4.283333333333333,4.6976692570342,6
Julio Jones,WR,PHI,4.55,4.681212370352306,8
Jimmy Graham,TE,NO,5.6499999999999995,4.668888186482182,6
Tyquan Thornton,WR,KC,4.623611111111111,4.668620998797098,25
Jacardia Wright,RB,SEA,2.0,4.667433012058627,1
Jacoby Jones,WR,WAS,3.5,4.662424740704611,1
Jakobie Keeney-James,WR,GB,3.5,4.662424740704611,1
Cody Schrader,RB,LA,1.9000000000000004,4.653147297772913,1
Jahdae Walker,WR,CHI,4.45,4.653081098744357,6
Roman Wilson,WR,PIT,4.511111111111111,4.649131545662152,9
Jaydon Blue,RB,DAL,4.08,4.6429119167645805,5
Josh Oliver,TE,MIN,4.7874358974358975,4.633995033556149,37
Mike White,QB,BUF,0.9426666666666668,4.621789577155868,7
Max Brosmer,QB,MIN,0.8885714285714287,4.592661372027663,7
Ameer Abdullah,RB,IND,4.514192307692308,4.585929852457438,44
Nate Carter,RB,ATL,3.0000000000000004,4.584003885551299,2
Tommy Tremble,TE,CAR,4.687333333333333,4.556956338502598,40
Cooper Rush,QB,BAL,3.3971428571428572,4.538582191401563,23
Anthony Miller,WR,BAL,2.6,4.533853312133182,1
Xavier Restrepo,WR,TEN,3.55,4.529621648116534,2
James Robinson,RB,GB,1.0,4.524575869201485,1
Royce Freeman,RB,LA,4.2,4.521884181435905,11
Luke McCaffrey,WR,WAS,4.4274572649572645,4.519322607642575,22
Amar Johnson,RB,LAC,0.8,4.496004440630055,1
Kalif Raymond,WR,DET,4.435049019607843,4.485582600953547,44
Jaylen Wright,RB,MIA,4.313995726495727,4.484997752404157,22
Tahj Washington,WR,MIA,3.3499999999999996,4.4796216481165345,2
Tre Harris,WR,LAC,4.3375,4.478953326587831,16
Kenyan Drake,RB,BAL,2.55,4.471503885551299,2
Ja'Tavion Sanders,TE,CAR,4.6425,4.468913885993521,27
Quentin Skinner,WR,NYJ,2.0,4.448139026418897,1
Jamison Crowder,WR,WAS,4.3315,4.448091599441936,21
Kyle Philips,WR,TEN,4.1375,4.44549808463802,8
Kendric Pryor,WR,CIN,1.9,4.4338533121331825,1
John Metchie III,WR,NYJ,4.346148148148148,4.417312899218924,37
Kendall Milton,RB,CIN,0.2,4.41029015491577,1
Cam Akers,RB,MIN,4.244227272727273,4.4020050741832355,27
John Ross,WR,PHI,1.6,4.39099616927604,1
Dante Miller,RB,NYG,0.0,4.381718726344341,1
D.J. Williams,RB,TB,0.0,4.381718726344341,1
John Kelly,RB,BAL,0.0,4.381718726344341,1
Mohamed Ibrahim,RB,DET,0.0,4.381718726344341,1
Keilan Robinson,RB,JAX,0.0,4.381718726344341,1
Lew Nichols III,RB,PIT,0.0,4.381718726344341,1
Ulysses Bentley IV,RB,IND,0.0,4.381718726344341,1
Robert Woods,WR,HOU,4.2785714285714285,4.3804992113215375,28
Van Jefferson,WR,TEN,4.311666666666667,4.378339588808142,43
Shedrick Jackson,WR,LV,3.785714285714286,4.369594964863973,5
Sean Tucker,RB,TB,4.247254901960784,4.3679177315571955,37
Terrance Ferguson,TE,LA,4.736363636363636,4.3662740139874225,11
Jermar Jefferson,RB,DET,2.1,4.359003885551299,2
Odell Beckham Jr.,WR,MIA,4.2160714285714285,4.353233736196561,22
Jonathan Williams,RB,WAS,-0.20000000000000004,4.353147297772913,1
Devontez Walker,WR,BAL,4.074999999999999,4.350704304996016,11
David Sills,WR,ATL,4.091666666666667,4.3464985102740155,12
Mitchell Tinsley,WR,CIN,3.95,4.338355227495162,8
Leonard Fournette,RB,BUF,2.0,4.334003885551299,2
Kwamie Lassiter II,WR,CIN,1.2,4.333853312133183,1
Mike Strachan,WR,CAR,2.75,4.329621648116534,2
Noah Gray,TE,KC,4.392589285714285,4.311264718858524,46
Albert Okwuegbunam,TE,LV,6.142857142857143,4.301546565437558,2
Brandon Johnson,WR,PIT,3.9960000000000004,4.299586657937193,11
Dyami Brown,WR,JAX,4.175,4.260145274686089,42
Jonathon Brooks,RB,CAR,2.5,4.24133678715671,3
Damien Williams,RB,ARI,2.4999999999999996,4.24133678715671,3
Jaylin Noel,WR,HOU,4.023529411764706,4.240737964562273,17
Jase McClellan,RB,ATL,1.6,4.234003885551299,2
Zavier Scott,RB,MIN,3.7454545454545456,4.227766534377082,11
Jordan Watkins,WR,SF,2.3000000000000003,4.217121648116534,2
Marquez Valdes-Scantling,WR,PIT,4.113055555555556,4.214388279455532,38
Isaiah Davis,RB,NYJ,4.0271634615384615,4.213136327686451,29
Chris Moore,WR,WAS,4.058095238095238,4.212559810881071,25
Jordan Akins,TE,CLE,4.280192307692308,4.178635290310375,29
Andy Isabella,WR,BUF,0.0,4.162424740704611,1
Amari Rodgers,WR,IND,0.0,4.162424740704611,1
Dalevon Campbell,WR,CAR,0.0,4.162424740704611,1
Jeshaun Jones,WR,MIN,0.0,4.162424740704611,1
Damiere Byrd,WR,ATL,0.0,4.162424740704611,1
Stanley Morgan,WR,CIN,0.0,4.162424740704611,1
Juwann Winfree,WR,IND,0.0,4.162424740704611,1
Devon Allen,WR,PHI,0.0,4.162424740704611,1
Jalen Guyton,WR,LAC,3.5571428571428574,4.156690244994791,7
Tyrion Davis-Price,RB,PHI,1.2600000000000002,4.149003885551299,2
Damien Harris,RB,BUF,3.1666666666666665,4.139335923700866,6
Erick All,TE,CIN,4.4750000000000005,4.137618445556155,8
Jahan Dotson,WR,PHI,4.039425770308123,4.13366458882896,46
J.J. Taylor,RB,HOU,2.1333333333333333,4.119114564934487,3
Darnell Washington,TE,PIT,4.189038461538462,4.1138491482523465,34
Brashard Smith,RB,KC,3.7235294117647055,4.085740481930886,17
Israel Abanikanda,RB,NYJ,3.0500000000000003,4.081002590367532,6
Willie Snead,WR,SF,1.7,4.067121648116535,2
Malik Taylor,WR,NYJ,1.6500000000000004,4.054621648116535,2
Will Dissly,TE,LAC,4.1142115384615385,4.053292229104799,36
Xavier Hutchinson,WR,HOU,3.9353571428571428,4.050457774686089,42
Grant DuBose,WR,MIA,1.5499999999999998,4.029621648116534,2
Patrick Taylor,RB,SF,3.645194805194805,4.01189739907987,18
Trishton Jackson,WR,MIN,1.4500000000000002,4.004621648116535,2
Corey Kiner,RB,ARI,2.325,3.997203108441039,4
Isaiah Bond,WR,CLE,3.646666666666667,3.9922368183301087,15
Josh Williams,RB,TB,0.55,3.971503885551299,2
Darius Cooper,WR,PHI,3.0333333333333337,3.944747765411023,6
Jalen Royals,WR,KC,1.2,3.9421216481165344,2
Rashaad Penny,RB,PHI,1.5999999999999999,3.9413367871567098,3
Jackson Hawes,TE,BUF,4.053846153846154,3.9382451704097985,13
Bo Melton,WR,GB,3.7450000000000006,3.930193699581453,30
Kyle Williams,WR,NE,3.5142857142857147,3.9168486592466136,14
Isaiah Hodgins,WR,NYG,3.657380952380952,3.914262647761187,22
Owen Wright,RB,TB,0.30000000000000004,3.909003885551299,2
AJ Dillon,RB,PHI,3.5614285714285723,3.9060011512744595,21
Trey Palmer,WR,TB,3.7068235294117646,3.88829805595023,32
Jashaun Corbin,RB,NYG,1.4333333333333336,3.8857812316011544,3
Mike Woods,WR,CLE,2.7,3.8760884713574795,5
Clyde Edwards-Helaire,RB,KC,3.4846666666666666,3.8752279100430824,19
Michael Bandy,WR,DEN,2.678571428571429,3.86634821161722,5
Brock Wright,TE,DET,3.878989898989899,3.845246335573628,28
Troy Hairston,RB,HOU,0.0,3.834003885551299,2
Antoine Green,WR,DET,0.6,3.7921216481165345,2
Tyreik McAllister,WR,LV,0.55,3.779621648116535,2
Malik Heath,WR,GB,3.5031904761904764,3.773784820450124,24
Marvin Jones,WR,DET,2.125,3.763697318493228,4
Greg Dulcich,TE,MIA,3.792307692307692,3.762441601066741,15
Jamaal Williams,RB,NO,3.460769230769231,3.7609939489448374,27
Jeremy McNichols,RB,WAS,3.5078750000000003,3.7546642585746257,33
Anthony McFarland,RB,PIT,1.0333333333333334,3.752447898267821,3
Tank Bigsby,RB,JAX,3.564752747252747,3.7504230392706255,44
Luke Musgrave,TE,GB,3.7524375624375628,3.741951964144611,31
Devin Culp,TE,TB,3.7749999999999995,3.731388186482181,6
Ronnie Bell,WR,NO,3.363846153846154,3.722002004320368,19
Zamir White,RB,LV,3.376442307692308,3.701860346387825,26
Shane Zylstra,TE,DET,3.7249999999999996,3.700184248642908,3
Derrick Gore,RB,WAS,0.8666666666666668,3.6968923427122653,3
Matt Breida,RB,NYG,3.1266666666666665,3.6939062421147804,15
Lynn Bowden,WR,NO,2.8125,3.6883552274951628,8
Ollie Gordon II,RB,MIA,3.182352941176471,3.6857404819308863,17
Justin Watson,WR,HOU,3.4713333333333334,3.6843839278187764,33
Malik Davis,RB,DAL,2.9000000000000004,3.6807077108476705,11
Daniel Bellinger,TE,NYG,3.6762362637362638,3.6777749449666772,39
Equanimeous St. Brown,WR,CHI,2.2399999999999998,3.6669975622665705,5
Gerald Everett,TE,CHI,3.658666666666667,3.664300803369447,25
DJ Giddens,RB,IND,1.9200000000000004,3.661093734946399,5
Malik Cunningham,WR,DET,0.07142857142857144,3.6599787909736774,2
Robbie Chosen,WR,WAS,2.92,3.6460608240582673,10
Kaden Davis,WR,CLE,0.0,3.6421216481165346,2
Phillip Dorsett,WR,DEN,0.0,3.6421216481165346,2
Maurice Alexander,WR,DET,0.0,3.6421216481165346,2
Dominic Lovett,WR,DET,0.0,3.6421216481165346,2
Malik Turner,WR,SF,0.0,3.6421216481165346,2
Kearis Jackson,WR,TEN,0.0,3.6421216481165346,2
Jalen Moreno-Cropper,WR,DAL,0.0,3.6421216481165346,2
Coleman Owen,WR,IND,0.0,3.6421216481165346,2
Chris Evans,RB,CIN,0.7000000000000001,3.64133678715671,3
Kyle Allen,QB,DET,0.10966666666666663,3.631439855757307,9
Nick Muse,TE,MIN,3.2000000000000006,3.618094033969454,1
Brandon Bolden,RB,LV,1.8199999999999998,3.615639189491853,5
Jimmy Horn Jr.,WR,CAR,2.87,3.6148108240582673,10
Ty Chandler,RB,MIN,3.3377380952380955,3.6107022622376292,33
Chase Claypool,WR,CHI,2.9291666666666663,3.6092827363685656,11
Irv Smith,TE,CIN,3.55,3.601666139861636,10
Aaron Shampklin,RB,PIT,0.5666666666666668,3.5968923427122657,3
Elijah Cooks,WR,JAX,1.7000000000000004,3.593697318493228,4
Moliki Matavao,TE,NO,3.0,3.589522605398025,1
Foster Moreau,TE,NO,3.5706112637362635,3.5873491364831347,36
Dante Pettis,WR,NO,3.1015625,3.5800896902241943,16
Jack Bech,WR,LV,3.0285714285714285,3.5768486592466138,14
Khalil Herbert,RB,NYJ,3.2357142857142858,3.566824443659129,28
Roschon Johnson,RB,CHI,3.2891538461538463,3.562581546341029,34
Darrynton Evans,RB,CHI,2.208571428571429,3.548617775723877,7
Adam Trautman,TE,DEN,3.515769230769231,3.537270123543623,42
K.J. Osborn,WR,NE,3.16875,3.530338328033296,22
Ray-Ray McCloud,WR,ATL,3.2999999999999994,3.5277310532910304,35
Casey Washington,WR,ATL,2.3750000000000004,3.5201517834563294,7
Mitchell Evans,TE,CAR,3.442857142857143,3.516332911889309,14
Cedrick Wilson Jr.,WR,MIA,3.2474032634032635,3.515529752417505,30
Treylon Burks,WR,WAS,3.149166666666667,3.514951423271391,22
Nick Bawden,RB,NYJ,1.9166666666666667,3.514335923700866,6
Alex Armah,RB,WAS,1.075,3.497203108441039,4
Kyle Juszczyk,FB,SF,3.7583928571428573,3.456751214742704,41
Cordarrelle Patterson,RB,PIT,3.053076923076923,3.4515791664946276,25
Cody White,WR,SEA,2.6062499999999997,3.449967074058267,10
Terrell Jennings,RB,NE,2.2020833333333334,3.449192696505504,8
Elijah Higgins,TE,ARI,3.4116470588235295,3.4454588115754685,43
Ramel Keyton,WR,LV,0.5666666666666668,3.4263303538813643,3
Dwayne Washington,RB,DEN,0.0,3.4080034538233765,3
Chris Blair,WR,ATL,0.50625,3.4061914649924754,3
Konata Mumpfield,WR,LA,2.52,3.3960608240582673,10
Jeff Wilson,RB,MIA,2.7441269841269844,3.389911946838279,16
Cole Fotheringham,TE,LV,1.6000000000000003,3.3895226053980254,1
Erik Ezukanma,WR,MIA,0.44000000000000006,3.3841081316591417,3
Keith Kirkwood,WR,NO,2.1,3.372074860379406,7
Cody Thompson,WR,TB,0.4,3.3707747983258085,3
Richie James,WR,KC,2.377777777777778,3.3691315456621522,9
Deuce Vaughn,RB,DAL,2.4160000000000004,3.367531240259435,11
Beaux Collins,WR,NYG,1.125,3.363697318493228,4
Dylan Drummond,WR,ATL,1.8666666666666665,3.3614144320776895,6
Tyler Badie,RB,DEN,2.8078125,3.3608187433764156,19
Drake Dabney,TE,GB,1.3,3.3466654625408827,1
Hayden Hurst,TE,LAC,3.1958730158730164,3.330028476897929,16
Davis Allen,TE,LA,3.2461904761904763,3.3218909156374283,29
Clayton Tune,QB,GB,0.7395333333333334,3.320975324720681,13
James Mitchell,TE,CAR,2.7571428571428576,3.3155229666357604,4
Isaiah Spiller,RB,LAC,2.111111111111111,3.3114687389606927,9
David Wells,TE,TB,1.0,3.3038083196837396,1
Keleki Latu,TE,BUF,2.5,3.291850915309575,3
Scott Miller,WR,PIT,2.825909090909091,3.260963328033296,22
Efton Chism III,WR,NE,2.0625,3.259783798923734,8
Zach Evans,RB,LA,0.47500000000000003,3.257203108441039,4
Jaylin Lane,WR,WAS,2.6133333333333337,3.2541415802348705,15
Jordan Whittington,WR,LA,2.9187499999999997,3.2508778052837792,29
Lawrence Cager,TE,NYG,2.7199999999999993,3.247878021616925,5
Terrace Marshall Jr.,WR,LV,2.4970000000000008,3.2419985886806466,13
Jalen Virgil,WR,BUF,0.0,3.237441464992475,3
Dalen Cambre,WR,NYG,0.0,3.237441464992475,3
David Moore,WR,CAR,2.8320000000000003,3.2368324394977432,24
Cole Turner,TE,WAS,2.875,3.223332731270441,8
Elijah Arroyo,TE,SEA,2.9923076923076923,3.2119293809361142,13
Chris Brooks,RB,GB,2.8193404634581105,3.1911239311246438,31
Dalvin Cook,RB,DAL,2.462857142857143,3.1853520622783944,16
Mason Tipton,WR,NO,2.589583333333333,3.1808647761564757,17
Nick Vannett,TE,TEN,2.9450000000000003,3.1795609598834833,13
Alex Erickson,WR,NE,2.2600000000000002,3.1762925402901345,11
Brycen Hopkins,TE,LA,2.56,3.1751507488896524,5
Travis Vokolek,TE,ARI,0.0,3.1609511768265968,1
Henry Pearson,TE,GB,0.0,3.1609511768265968,1
Tre' McKitty,TE,LAC,0.0,3.1609511768265968,1
Hayden Rucci,TE,MIA,0.0,3.1609511768265968,1
Tyler Kroft,TE,MIA,0.0,3.1609511768265968,1
Baylor Cupp,TE,KC,0.0,3.1609511768265968,1
Stephen Anderson,TE,LAC,0.0,3.1609511768265968,1
Parker Hesse,TE,ATL,0.0,3.1609511768265968,1
Thomas Fidone II,TE,NYG,0.0,3.1609511768265968,1
Darrell Daniels,TE,DET,0.0,3.1609511768265968,1
Sal Cannella,TE,CLE,1.55,3.1533322797232723,2
Cade Stover,TE,HOU,2.9916666666666667,3.1523073681199816,20
Pierre Strong,RB,CLE,2.7446153846153845,3.150453635378758,29
Savion Williams,WR,GB,2.291666666666667,3.1464985102740153,12
Kalel Mullings,RB,TEN,0.17500000000000002,3.137203108441039,4
Drew Sample,TE,CIN,3.0431926406926406,3.1331345568235784,37
Jermaine Burton,WR,CIN,1.8375000000000001,3.131212370352306,8
Brevin Jordan,TE,HOU,2.8460000000000005,3.1265921243214545,12
Kenny McIntosh,RB,SEA,2.0363636363636366,3.121884181435906,11
Byron Pringle,WR,WAS,2.3153846153846156,3.1177354307859098,13
Trenton Irwin,WR,CIN,2.536666666666667,3.1165405493721785,18
Grant Calcaterra,TE,PHI,2.978222222222222,3.1072320678117022,27
Dan Chisena,WR,CAR,1.005,3.105633925902934,5
Dont'e Thornton Jr.,WR,LV,2.1363636363636362,3.096292540290134,11
Jalen Reagor,WR,LAC,2.4314285714285715,3.0927195603540647,16
Ja'Lynn Polk,WR,NE,2.3357142857142854,3.0918486592466135,14
Carson Steele,RB,KC,2.146153846153846,3.0827384781268625,13
Robbie Ouzts,RB,SEA,0.0,3.067203108441039,4
Josh Whyle,TE,GB,2.9348888888888887,3.060370136234801,30
Nyheim Hines,RB,LAC,-0.03333333333333333,3.0538697751077057,4
Myles Gaskin,RB,SEA,0.5625,3.0440482804009443,5
Colton Dowell,WR,TEN,0.325,3.0436973184932277,4
Evan Hull,RB,NO,1.2476190476190478,3.0311818782879794,7
Dallin Holker,TE,NO,1.7000000000000002,3.0251842486429084,3
Austin Trammell,WR,JAX,2.525333333333333,3.024796661366629,22
Jeremy Ruckert,TE,NYJ,2.907714285714286,3.0140863885211147,38
Mo Alie-Cox,TE,IND,2.8858116883116884,2.9977137373329916,37
Ben Sinnott,TE,WAS,2.711507936507936,2.977762964632416,16
Zaire Mitchell-Paden,TE,BAL,1.5250000000000001,2.9668509153095752,3
Ryan Miller,WR,TB,2.3249999999999997,2.957790549372178,18
Luke Schoonmaker,TE,DAL,2.840595238095238,2.9561199383046644,38
Zach Davidson,TE,BUF,0.75,2.953332279723272,2
Stone Smartt,TE,NYJ,2.785,2.9491411587207934,27
Rakim Jarrett,WR,TB,2.1764285714285716,2.9420667503028977,15
Jelani Woods,TE,NYJ,0.7,2.940832279723272,2
E.J. Jenkins,TE,PHI,1.4437499999999999,2.939767581976242,3
Randall Cobb,WR,NYJ,1.6555555555555557,2.9357982123288187,9
Ke'Shawn Vaughn,RB,SF,0.752,2.9320025903675324,6
Hunter Long,TE,JAX,2.675974025974026,2.918806589251707,19
Jermaine Jackson,WR,NO,-0.025,2.903697318493228,4
Brenden Bates,TE,CLE,2.0865384615384617,2.8871574172514123,6
Malachi Corley,WR,CLE,2.185833333333333,2.882440863112997,17
Donovan Peoples-Jones,WR,CLE,2.035714285714286,2.881848659246614,14
Jason Brownlee,WR,KC,1.185714285714286,2.8797671680717136,7
Andre Baccellia,WR,ARI,0.5,2.8760884713574795,5
Charlie Kolar,TE,BAL,2.723529914529915,2.8757793553353537,32
Isaac Guerendo,RB,SF,2.2546874999999997,2.8458566753244963,23
Lucas Krull,TE,DEN,2.5724285714285715,2.8401120437971614,19
Samori Toure,WR,NO,1.4928571428571429,2.838179164709771,9
Allen Robinson,WR,DET,2.2533333333333334,2.8317397475900843,21
Jonathan Ward,RB,PIT,0.55,2.8310025903675324,6
KeAndre Lambert-Smith,WR,LAC,1.61,2.8273108240582676,10
Jared Wiley,TE,KC,1.075,2.8168509153095753,3
Jamari Thrash,WR,CLE,1.9421875,2.8163799092466135,14
Chris Collier,RB,BAL,0.45000000000000007,2.7810025903675326,6
Collin Johnson,WR,CHI,1.0,2.7797671680717135,7
Nikola Kalinic,TE,CHI,0.0,2.765832279723272,2
Princeton Fant,TE,DAL,0.0,2.765832279723272,2
Jordan Matthews,TE,CAR,0.0,2.765832279723272,2
Johnny Mundt,TE,JAX,2.6100714285714286,2.764029277770419,36
Blake Bell,TE,KC,1.9428571428571428,2.748204479829706,7
Johnny Wilson,WR,PHI,1.48,2.7460608240582673,10
MyCole Pruitt,TE,PIT,2.411428571428571,2.744388867481386,17
Nate Adkins,TE,DEN,2.518,2.7373330699308176,26
River Cracraft,WR,WAS,1.7193333333333334,2.7099108693824006,13
Marquise Goodwin,WR,CLE,1.3999999999999997,2.696060824058267,10
Boston Scott,RB,PHI,1.4833333333333334,2.692890615800577,12
Xavier Weaver,WR,ARI,1.2232142857142858,2.6763934504240567,9
Anthony Firkser,TE,DET,1.6625,2.6751381864821813,6
Gary Brightwell,RB,CIN,0.58,2.6716946988007995,7
Dameon Pierce,RB,HOU,2.1504761904761907,2.6581668745205693,29
Bryce Ford-Wheaton,WR,NYG,0.0,2.6488157440847524,5
Montrell Washington,WR,KC,0.0,2.6488157440847524,5
Matthew Slater,WR,NE,0.0,2.6488157440847524,5
Keaontay Ingram,RB,KC,0.8,2.648002220315028,8
John Shenker,TE,LV,0.5666666666666668,2.647406470865131,3
Justyn Ross,WR,KC,0.7533333333333334,2.6469466552512007,7
Will Mallory,TE,IND,2.2993506493506493,2.6325728230179406,19
Cam Grandy,TE,CIN,1.5750000000000002,2.6313881864821815,6
Bryce Oliver,WR,TEN,1.2890625,2.626724886558267,10
Parris Campbell,WR,DAL,1.733,2.6253320564253464,15
Joseph Fortson,TE,KC,0.5,2.6251842486429084,3
Kenny Yeboah,TE,NYJ,1.9857142857142858,2.6239875684330647,10
Isaiah McKenzie,WR,IND,1.5846153846153848,2.6177354307859093,13
Jonathan Mingo,WR,DAL,2.217820512820513,2.6135717655207427,34
Jaheim Bell,TE,NE,1.0,2.6126658237786176,4
Javon Baker,WR,NE,0.3666666666666667,2.61141443207769,6
Carter Runyon,TE,LV,0.43333333333333335,2.6029620264206863,3
JaMycal Hasty,RB,NE,1.44,2.5995805833900203,13
Quintin Morris,TE,JAX,2.2934545454545456,2.5819349235600253,23
Brandon Powell,WR,MIN,2.1546323529411766,2.570252329025413,33
Hunter Luepke,RB,DAL,2.1518571428571427,2.5555136934768594,38
Ben Sims,TE,MIN,2.0183333333333335,2.545525872164185,13
Simi Fehoko,WR,ARI,1.62,2.544617770711061,15
Jalin Hyatt,WR,NYG,2.062025641025641,2.5410204792764532,29
Dare Ogunbowale,RB,HOU,2.1443650793650795,2.540050426214411,39
Elijah Mitchell,RB,KC,1.233766233766234,2.526512549422511,12
Jalen Brooks,WR,DAL,1.8211111111111113,2.521507515659789,20
LeQuint Allen Jr.,RB,JAX,1.55,2.5214559583822904,16
Xavier Smith,WR,LA,2.0527901785714286,2.520018848390976,30
George Holani,RB,SEA,1.2874999999999999,2.4952384781268626,13
Ronnie Rivers,RB,LA,1.745,2.493223373496681,21
Joshua Kelley,RB,TEN,1.618823529411765,2.4921189422425902,18
Braxton Berrios,WR,HOU,1.9362500000000002,2.483733537029134,26
Kaleb Johnson,RB,PIT,0.8800000000000001,2.4670019427756493,10
Luke Farrell,TE,SF,2.2490384615384613,2.459585472966642,35
Tanner Conner,TE,MIA,1.8453125,2.459467124321454,12
Isaiah Williams,WR,NYJ,1.8303030303030305,2.45634285799662,23
Kadarius Toney,WR,CLE,1.5507692307692307,2.4522400398745443,16
Mike Boone,RB,CAR,1.2991111111111113,2.4429793319982975,14
Jordan Mims,RB,TEN,0.9787499999999999,2.437545946141788,11
Jake Bobo,WR,SEA,1.9553571428571432,2.4257579625271273,31
Tom Kennedy,WR,DET,0.7916666666666666,2.417464878995485,9
Miles Boykin,WR,PIT,0.5875,2.4169266560665914,8
Laviska Shenault Jr.,WR,SEA,1.597,2.4117905493721783,18
John Bates,TE,WAS,2.198128205128205,2.401262046196772,38
Mecole Hardman,WR,BUF,1.6950000000000003,2.3974804883308254,21
Ian Thomas,TE,LV,1.9905555555555554,2.382221898034511,20
Hassan Haskins,RB,LAC,1.655681818181818,2.3707832035376626,23
Tyler Goodson,RB,IND,1.814761904761905,2.3643024507574317,30
Godwin Igwebuike,RB,PIT,0.0,2.3593870064931073,7
British Brooks,RB,HOU,0.6468750000000001,2.3212988177756495,10
Jack Westover,TE,NE,0.25,2.3126658237786177,4
Ben VanSumeren,RB,PHI,0.19999999999999998,2.305145077457885,8
Brycen Tremayne,WR,CAR,1.4000000000000001,2.3016075297796643,17
Ty Montgomery,WR,NE,0.9,2.296292540290134,11
Tyler Scott,WR,CHI,1.3911538461538462,2.2950690682412027,17
Gage Larvadain,WR,CLE,1.1076923076923078,2.291419641312225,13
Giovanni Ricci,TE,DET,0.17142857142857143,2.281237252350046,4
Eric Tomlinson,TE,LAC,0.5800000000000001,2.2751507488896525,5
Peyton Hendershot,TE,KC,1.602,2.260666223041378,13
Trayveon Williams,RB,CLE,1.6241666666666665,2.2583191237700118,27
Julian Hill,TE,MIA,2.0056103896103896,2.251781021320727,35
Velus Jones Jr.,WR,NO,1.4670940170940172,2.249186674108178,20
Trey Sermon,RB,PIT,1.5835000000000001,2.245094721387825,26
Arian Smith,WR,NYJ,1.0384615384615385,2.2440512202595935,13
Tip Reiman,TE,ARI,1.4546874999999997,2.242836513987422,11
Teagan Quitoriano,TE,ATL,0.5047619047619049,2.2409516146905184,5
Kylen Granson,TE,PHI,2.035416666666667,2.2377464266214866,43
John FitzPatrick,TE,GB,1.6521212121212123,2.2337369723621125,15
Ashton Dulin,WR,IND,1.5955128205128204,2.2266062483146056,25
Nick Kallerup,TE,SEA,0.0,2.2126658237786176,4
Justin Shorter,TE,LV,0.0,2.2126658237786176,4
Payne Durham,TE,TB,1.7850000000000001,2.192737794206649,22
Tylan Wallace,WR,BAL,1.6365909090909092,2.18851741567339,29
Geoff Swaim,TE,CLE,1.31,2.1492151904580106,11
Andrew Ogletree,TE,IND,1.8738636363636365,2.1459505468537454,34
Durham Smythe,TE,CHI,1.8722527472527477,2.14458129110949,34
Jesper Horsted,TE,LV,0.27999999999999997,2.1387871125260163,5
Rasheen Ali,RB,BAL,1.2408333333333332,2.1341806827337333,20
Ben Yurosek,TE,MIN,0.5666666666666667,2.1272215198155147,6
KhaDarel Hodge,WR,ATL,1.6244967532467531,2.121676052360901,33
Craig Reynolds,RB,DET,1.38375,2.105347776916464,25
Tim Jones,WR,JAX,1.27725,2.1031528148050875,20
Trevon Wesco,TE,TEN,0.5166666666666667,2.1022215198155147,6
Harrison Bryant,TE,HOU,1.7200000000000002,2.100859943154393,25
Laquon Treadwell,WR,IND,0.24761904761904766,2.091036307566914,9
Tahj Brooks,RB,CIN,0.5333333333333333,2.0595572824672437,12
Mitchell Wilcox,TE,CIN,1.2166666666666666,2.040369902099232,12
Chase Edmonds,RB,WAS,0.8725274725274726,2.0287486656749976,16
DJ Turner,WR,LV,1.1775,2.0264220455743183,20
Will Shipley,RB,PHI,1.3234203296703295,2.012253938954827,27
C.J. Uzomah,TE,PHI,0.9900000000000001,2.001666139861636,10
Jacob Cowing,WR,SF,0.8466666666666666,1.9922368183301082,15
Ke'Shawn Williams,WR,CIN,0.4166666666666667,1.9835474422509183,11
Gunner Olszewski,WR,NYG,1.3548611111111115,1.9727377734130411,28
Alec Ingold,FB,MIA,2.085060606060606,1.9701393925518926,30
Tucker Fisk,TE,LAC,1.1446428571428573,1.9477376516128064,13
Stephen Sullivan,TE,CAR,0.9800000000000001,1.9356857786933048,11
Brevyn Spann-Ford,TE,DAL,1.5443181818181817,1.9340378529356692,27
Trevor Etienne,RB,CAR,0.8058823529411765,1.929218742800452,17
Jack Stoll,TE,NO,1.3955555555555557,1.9245295903422037,20
Tai Felton,WR,MIN,0.4583333333333333,1.9242762880517932,12
James Proche,WR,TEN,1.2116666666666667,1.9170528984386754,25
Jamal Agnew,WR,ATL,1.098701298701299,1.903871491298602,22
Deven Thompkins,WR,ATL,1.2789747899159665,1.8922069169284375,29
Patrick Ricard,RB,BAL,1.008857142857143,1.8881031509738404,22
Connor Heyward,FB,PIT,1.9457142857142857,1.8739515517091603,40
Jacob Saylors,RB,DET,0.1,1.8689430049653173,11
Trent Sherfield,WR,ARI,1.22004662004662,1.8617140748893424,28
Jakob Johnson,RB,HOU,0.05500000000000001,1.8398253579064938,11
Dee Eskridge,WR,MIA,0.9326363636363636,1.838065402217675,20
Kevin Rader,TE,TEN,0.2285714285714286,1.825127556752783,7
Mason Kinsey,WR,TEN,0.8050000000000002,1.8177905493721784,18
Skyy Moore,WR,SF,1.261447963800905,1.8144809228297984,33
Eric Saubert,TE,SEA,1.3419444444444444,1.8111108301484282,24
Pharaoh Brown,TE,ARI,1.3686363636363639,1.8034751153853636,26
Ross Dwelley,TE,DET,0.67,1.801666139861636,10
Josiah Deguara,TE,ARI,1.3036507936507937,1.796918154888084,23
Blake Whiteheart,TE,CLE,1.0827380952380952,1.7932030800725318,16
Alex Bachman,WR,LV,0.6393181818181818,1.7893665497283266,16
Deonte Harty,WR,BAL,0.9,1.7791471549974918,21
Britain Covey,WR,PHI,1.0666666666666667,1.7771970786958002,26
Raheem Blackshear,RB,CAR,0.9711111111111113,1.7725744794254248,25
Derius Davis,WR,LAC,1.3340320855614975,1.7653133237566667,43
Robert Tonyan,TE,KC,0.9214285714285715,1.7513329118893088,14
Ben Skowronek,WR,PIT,1.2555608974358974,1.7465519838067358,38
Charlie Woerner,TE,ATL,1.3282857142857143,1.7327698272020542,29
Trent Taylor,WR,SF,0.6246666666666667,1.7285350660115482,17
D'Ernest Johnson,RB,ARI,1.0966666666666667,1.7144110534464203,33
Rod Williams,TE,PIT,0.0,1.7020506336758598,7
Nikko Remigio,WR,KC,0.6975,1.695578927397291,19
Zach Pascal,WR,ARI,0.23600000000000004,1.6949985886806462,13
Jha'Quan Jackson,WR,TEN,0.10833333333333334,1.6909429547184598,12
David Martin-Robinson,TE,TEN,0.8886363636363637,1.688390652015792,15
Jaelon Darden,WR,CLE,0.09999999999999999,1.6853873991629043,12
Kameron Johnson,WR,TB,0.753860294117647,1.6654829393112172,21
Dareke Young,WR,SEA,0.425,1.6334987811332853,16
C.J. Ham,FB,MIN,1.6666666666666665,1.617369695456059,27
Sione Vaki,RB,DET,0.36874999999999997,1.606120916713495,17
Steven Sims,WR,ARI,0.28717948717948716,1.5926031186964087,15
Michael Burton,FB,DEN,1.635909090909091,1.586176173826174,23
Sean McKeon,TE,DAL,0.0,1.5804755884132984,8
Eric Gray,RB,NYG,0.7164285714285714,1.5671853345201507,25
Marcedes Lewis,TE,DEN,0.502,1.5639254576547876,12
Chris Manhertz,TE,NYG,0.7653571428571428,1.4667377580828758,19
Irvin Charles,WR,NYJ,0.0,1.4568486592466139,14
LaJohntay Wester,WR,BAL,0.0,1.4568486592466139,14
Anthony Gould,WR,IND,0.30241477272727274,1.3953141546700183,19
Kene Nwangwu,RB,NYJ,0.2775,1.3931550417080922,20
Cameron Latu,TE,PHI,0.0,1.382916139861636,10
Xavier Gipson,WR,NYJ,0.8109803921568628,1.3386128015479737,40
Myles Price,WR,MIN,0.0,1.3244078720423762,16
Reggie Gilliam,RB,BUF,0.30018181818181816,1.2957314793997314,23
Ihmir Smith-Marsette,WR,NYG,0.6235294117647059,1.291839851615865,32
Andrew Beck,FB,NYJ,1.2503496503496503,1.2784497164126196,25
Avery Williams,RB,NYJ,0.0,1.2780012951837663,18
Colson Yankoff,TE,WAS,0.2375,1.2725829118893088,14
Scott Matlock,DT,LAC,1.5699999999999998,1.2678554360812424,25
Julius Chestnut,RB,TEN,0.4575,1.255415173840297,29
Travis Homer,RB,CHI,0.22749999999999995,1.2380872787727721,23
Brayden Willis,TE,SF,0.0,1.229258790988121,12
Dylan Laube,RB,LV,0.20955882352941177,1.2238580698478227,23
Devin Duvernay,WR,CHI,0.6906787330316742,1.2007379327611074,43
Ko Kieft,TE,TB,0.144,1.156507535132675,15
DeAndre Carter,WR,CLE,0.4879638009049774,1.1431935603925378,34
DeeJay Dallas,RB,CAR,0.5165196078431373,1.143176731419309,38
Charlie Jones,WR,CIN,0.33155844155844155,1.0459695609158528,32
Brady Russell,RB,SEA,0.0,1.022401036147013,24
Feleipe Franks,TE,ATL,0.11666666666666667,0.9737329961781137,19
Jason Cabinda,FB,DET,0.0,0.93035555000555,3
Adam Prentice,FB,DEN,0.7505128205128206,0.8643399683649684,28
Keith Smith,FB,ATL,0.5727272727272728,0.8631294088264677,11
Cody Ford,OT,CIN,1.9375,0.7950734447004608,4
Tristan Wirfs,OT,TB,0.9337500000000001,0.7086764352918588,18
Khari Blasingame,FB,CHI,0.29,0.704574996878122,10
Dan Skipper,OT,DET,1.325,0.6205213133640552,5
Trent Scott,OT,WAS,1.065,0.5023394951822371,5
Jeffery Simmons,DT,TEN,0.3566666666666667,0.3140854119425548,43
Sam Hubbard,DE,CIN,0.3323076923076923,0.2739628362082826,28
Mike Caliendo,G,KC,0.5624999999999999,0.2601493960584869,5
Wanya Morris,OT,KC,0.355,0.234420902937788,10
Vederian Lowe,OT,NE,0.2775,0.20043339194761098,13
Donovan Smith,OT,KC,0.25,0.12007344470046083,4
Spencer Anderson,G,PIT,0.21874999999999997,0.1134702797202797,6
Connor Colby,G,SF,0.225,0.09491433566433567,4
Divine Deablo,LB,ATL,0.10153846153846154,0.08863452311177714,41
Brandin Echols,CB,PIT,0.09333333333333332,0.08388957486580575,32
Khalil Dorsey,CB,DET,0.07454545454545454,0.06708680154427955,27
Tyler Smith,OT,DAL,0.075,0.06609765882159316,22
Marcus Jones,CB,NE,0.07071428571428572,0.06499252837962516,33
Greg Van Roten,G,NYG,0.1,0.06327622377622377,9
Ashtyn Davis,SAF,MIA,0.06675,0.058052312472571886,39
Malachi Moore,SAF,NYJ,0.07647058823529412,0.056917567881118895,17
Matt Haack,P,ARI,0.08,0.05374697588971486,12
Matthew Hayball,P,NO,0.06470588235294118,0.048149807218037716,17
JC Latham,OT,TEN,0.041666666666666664,0.03961393529185868,18
Juanyeh Thomas,SAF,DAL,0.04666666666666667,0.037928087997819396,25
Ben Bredeson,G,TB,0.05,0.03745716783216783,14
Kiondre Thomas,CB,GB,0.0,0.028733882604850346,1
Alijah Huzzie,CB,HOU,0.0,0.028733882604850346,1
Troy Pride,CB,DAL,0.0,0.028733882604850346,1
AJ Parker,CB,CAR,0.0,0.028733882604850346,1
Jace Whittaker,CB,WAS,0.0,0.028733882604850346,1
Damarion Williams,CB,BAL,0.0,0.028733882604850346,1
Darius Rush,CB,PIT,0.0,0.028733882604850346,1
Sidney Jones,CB,CIN,0.0,0.028733882604850346,1
Derrek Pitts,CB,TB,0.0,0.028733882604850346,1
Elijah Jones,CB,ARI,0.0,0.028733882604850346,1
DJ James,CB,NE,0.0,0.028733882604850346,1
Jaylin Simpson,CB,GB,0.0,0.028733882604850346,1
Duane Brown,OT,NYJ,0.0,0.0286763495720869,1
Benjamin Chukwuma,OT,TB,0.0,0.0286763495720869,1
Frank Crum,OT,DEN,0.0,0.0286763495720869,1
Quinn Bailey,OT,DEN,0.0,0.0286763495720869,1
Branson Taylor,OT,LAC,0.0,0.0286763495720869,1
Jack Nelson,OT,ATL,0.0,0.0286763495720869,1
Luke Haggard,OT,TB,0.0,0.0286763495720869,1
Warren McClendon Jr.,OT,LA,0.0,0.0286763495720869,1
Zach Thomas,OT,LA,0.0,0.0286763495720869,1
Dylan Cook,OT,PIT,0.0,0.0286763495720869,1
Matt Waletzko,OT,DAL,0.0,0.0286763495720869,1
Isaiah Prince,OT,TEN,0.0,0.0286763495720869,1
Matt Nelson,OT,DET,0.0,0.0286763495720869,1
Emery Jones Jr.,OT,BAL,0.0,0.0286763495720869,1
Cameron Fleming,OT,DEN,0.0,0.0286763495720869,1
Nick Zakelj,OT,SF,0.0,0.0286763495720869,1
A.J. Arcuri,OT,LA,0.0,0.0286763495720869,1
Calvin Anderson,OT,NE,0.0,0.0286763495720869,1
Walter Rouse,OT,MIN,0.0,0.0286763495720869,1
Brandon Walton,OT,CAR,0.0,0.0286763495720869,1
Kiran Amegadjie,OT,CHI,0.0,0.0286763495720869,1
Tylan Grable,OT,BUF,0.0,0.0286763495720869,1
Jackson Barton,OT,ARI,0.0,0.0286763495720869,1
Caleb Rogers,OT,LV,0.0,0.0286763495720869,1
Hakeem Adeniji,OT,DAL,0.0,0.0286763495720869,1
Jalen Mayfield,OT,NYG,0.0,0.0286763495720869,1
Brenden Jaimes,OT,LAC,0.0,0.0286763495720869,1
Isaiah Johnson,CB,MIA,0.0,0.025142147279244055,2
Dom Jones,CB,CLE,0.0,0.025142147279244055,2
Christian Matthew,CB,ARI,0.0,0.025142147279244055,2
A.J. Green,CB,MIA,0.0,0.025142147279244055,2
Shemar Bartholomew,CB,GB,0.0,0.025142147279244055,2
Josiah Scott,CB,PHI,0.0,0.025142147279244055,2
Mario Goodrich,CB,PHI,0.0,0.025142147279244055,2
Tre Swilling,CB,SF,0.0,0.025142147279244055,2
Damon Arnette,CB,HOU,0.0,0.025142147279244055,2
Bryce Hall,CB,NYJ,0.0,0.025142147279244055,2
Miles Battle,CB,NE,0.0,0.025142147279244055,2
Mac McWilliams,CB,PHI,0.0,0.025142147279244055,2
Faion Hicks,CB,SEA,0.0,0.025142147279244055,2
Josh Norman,CB,BUF,0.0,0.025142147279244055,2
Jalen Travis,OT,IND,0.0,0.025091805875576037,2
Ben Bartch,OT,SF,0.0,0.025091805875576037,2
John Ojukwu,OT,TEN,0.0,0.025091805875576037,2
Jalen Rivers,OT,CIN,0.0,0.025091805875576037,2
Landon Young,OT,NO,0.0,0.025091805875576037,2
Saahdiq Charles,OT,WAS,0.0,0.025091805875576037,2
David Quessenberry,OT,MIN,0.0,0.025091805875576037,2
Kendall Lamm,OT,MIA,0.0,0.025091805875576037,2
Calvin Throckmorton,OT,TEN,0.0,0.025091805875576037,2
Kion Smith,OT,MIA,0.0,0.025091805875576037,2
Chris Hubbard,OT,DET,0.0,0.025091805875576037,2
Ryan Ramczyk,OT,NO,0.0,0.025091805875576037,2
Troy Fautanu,OT,PIT,0.0,0.025091805875576037,2
Michael Jerrell,OT,SEA,0.0,0.025091805875576037,2
Storm Norton,OT,ATL,0.0,0.025091805875576037,2
Ryan Van Demark,OT,BUF,0.0,0.025091805875576037,2
Thayer Munford Jr.,OT,LV,0.0,0.025091805875576037,2
Chukwuma Okorafor,OT,PIT,0.0,0.025091805875576037,2
Anthony Belton,OT,GB,0.0,0.025091805875576037,2
Jason Peters,OT,SEA,0.0,0.025091805875576037,2
Ozzy Trapilo,OT,CHI,0.0,0.025091805875576037,2
Devin Cochran,OT,CIN,0.0,0.025091805875576037,2
Malcolm Rodriguez,LB,DET,0.029090909090909098,0.023548980337075153,25
Dwight McGlothern,CB,MIN,0.0,0.02234857535932805,3
Jordan Clark,CB,NYJ,0.0,0.02234857535932805,3
Gregory Junior,CB,JAX,0.0,0.02234857535932805,3
Eric Rowe,CB,PIT,0.0,0.02234857535932805,3
Divaad Wilson,CB,NYG,0.0,0.02234857535932805,3
Jaylin Smith,CB,HOU,0.0,0.02234857535932805,3
Germain Ifedi,OT,CLE,0.0,0.022303827444956476,3
Chukwuebuka Godrick,OT,KC,0.0,0.022303827444956476,3
Jake Curhan,OT,CHI,0.0,0.022303827444956476,3
Alex Palczewski,OT,DEN,0.0,0.022303827444956476,3
Joe Noteboom,OT,BAL,0.0,0.022303827444956476,3
Jaelyn Duncan,OT,TEN,0.0,0.022303827444956476,3
Conor McDermott,OT,NE,0.0,0.022303827444956476,3
Sataoa Laumea,OT,SEA,0.0,0.022303827444956476,3
Michael Dunn,OT,CLE,0.0,0.022303827444956476,3
Jalen Sundell,OT,SEA,0.0,0.022303827444956476,3
Matt Peart,OT,DEN,0.0,0.022303827444956476,3
Leroy Watson IV,OT,TEN,0.0,0.022303827444956476,3
George Fant,OT,HOU,0.0,0.022303827444956476,3
AJ Cole,P,LV,0.024,0.02160430817569943,51
Jalen Reeves-Maybin,LB,CHI,0.027025641025641027,0.021528807129874,23
Dane Belton,SAF,NYG,0.023076923076923078,0.020436974562722997,43
Greedy Vance,CB,LV,0.0,0.020113717823395244,4
Deantre Prince,CB,JAX,0.0,0.020113717823395244,4
Joejuan Williams,CB,CHI,0.0,0.020113717823395244,4
Logan Ryan,CB,SF,0.0,0.020113717823395244,4
Sam Webb,CB,CLE,0.0,0.020113717823395244,4
Dorian Strong,CB,BUF,0.0,0.020113717823395244,4
Cory Trice Jr.,CB,PIT,0.0,0.020113717823395244,4
Tariq Castro-Fields,CB,WAS,0.0,0.020113717823395244,4
Bobby McCain,CB,MIN,0.0,0.020113717823395244,4
Kamal Hadden,CB,GB,0.0,0.020113717823395244,4
Parry Nickerson,CB,PHI,0.0,0.020113717823395244,4
Yosh Nijman,OT,CAR,0.0,0.020073444700460828,4
Max Mitchell,OT,NYJ,0.0,0.020073444700460828,4
Josh Jones,OT,BAL,0.0,0.020073444700460828,4
Blake Freeland,OT,IND,0.0,0.020073444700460828,4
Bobby Hart,OT,LAC,0.0,0.020073444700460828,4
Jordan Morgan,OT,GB,0.0,0.020073444700460828,4
Brady Christensen,OT,CAR,0.0,0.020073444700460828,4
Daniel Brunskill,OT,TEN,0.0,0.020073444700460828,4
Asim Richards,OT,NO,0.0,0.020073444700460828,4
Nathan Thomas,OT,DAL,0.0,0.020073444700460828,4
Josh Fryar,OT,ARI,0.0,0.020073444700460828,4
Andre Dillard,OT,TEN,0.0,0.020073444700460828,4
Rigoberto Sanchez,P,IND,0.021333333333333333,0.01914143453360365,49
Tyler Hall,CB,LV,0.0,0.018285198021268403,5
Kelvin Joseph,CB,IND,0.0,0.018285198021268403,5
Kevon Seymour,CB,WAS,0.0,0.018285198021268403,5
Korie Black,CB,NYG,0.0,0.018285198021268403,5
Tyrek Funderburk,CB,TB,0.0,0.018285198021268403,5
Keith Taylor,CB,ATL,0.0,0.018285198021268403,5
Ennis Rakestraw Jr.,CB,DET,0.0,0.018285198021268403,5
Justin Skule,OT,MIN,0.0,0.018248586091328026,5
Austin Deculus,OT,LAC,0.0,0.018248586091328026,5
Charlie Heck,OT,TB,0.0,0.018248586091328026,5
Matt Pryor,OT,CHI,0.0,0.018248586091328026,5
Olisaemeka Udoh,OT,TEN,0.0,0.018248586091328026,5
Carter Warren,OT,NYJ,0.0,0.018248586091328026,5
TJ Bass,OT,DAL,0.0,0.018248586091328026,5
Blake Fisher,OT,HOU,0.0,0.018248586091328026,5
Cornelius Lucas,OT,CLE,0.0,0.018248586091328026,5
Geron Christian,OT,CLE,0.0,0.018248586091328026,5
Andre James,OT,LV,0.0,0.018248586091328026,5
Josh Simmons,OT,KC,0.0,0.018248586091328026,5
Micah Robinson,CB,TEN,0.0,0.016761431519496037,6
Isaiah Bolden,CB,NE,0.0,0.016761431519496037,6
Billy Bowman Jr.,CB,ATL,0.0,0.016761431519496037,6
Cobee Bryant,CB,ATL,0.0,0.016761431519496037,6
Terron Armstead,OT,MIA,0.0,0.016727870583717358,6
Rob Havenstein,OT,LA,0.0,0.016727870583717358,6
KT Leveston,OT,CLE,0.0,0.016727870583717358,6
Trent Brown,OT,HOU,0.0,0.016727870583717358,6
David Edwards,OT,BUF,0.0,0.016727870583717358,6
Aireontae Ersery,OT,HOU,0.0,0.016727870583717358,6
Kaleb McGary,OT,ATL,0.0,0.016727870583717358,6
Will Campbell,OT,NE,0.0,0.016727870583717358,6
Kelvin Banks Jr.,OT,NO,0.0,0.016727870583717358,6
Tyron Smith,OT,NYJ,0.0,0.016727870583717358,6
Jack Conklin,OT,CLE,0.0,0.016727870583717358,6
Brandon Aubrey,K,DAL,0.017647058823529415,0.015822644847412654,51
Greg Stroman,CB,NYG,0.0,0.015472090633380958,7
Cam Smith,CB,MIA,0.0,0.015472090633380958,7
Shavon Revel Jr.,CB,DAL,0.0,0.015472090633380958,7
Anthony Kendall,CB,TEN,0.0,0.015472090633380958,7
Christian Braswell,CB,JAX,0.0,0.015472090633380958,7
Duke Shelley,CB,NYG,0.0,0.015472090633380958,7
Corey Thornton,CB,CAR,0.0,0.015472090633380958,7
NaJee Thompson,CB,MIN,0.0,0.015472090633380958,7
Andrew Thomas,OT,NYG,0.0,0.015441111308046793,7
Robert Hunt,OT,CAR,0.0,0.015441111308046793,7
Fred Johnson,OT,PHI,0.0,0.015441111308046793,7
Josh Conerly Jr.,OT,WAS,0.0,0.015441111308046793,7
Evan Neal,OT,NYG,0.0,0.015441111308046793,7
Charles Leno Jr.,OT,WAS,0.0,0.015441111308046793,7
Armand Membou,OT,NYJ,0.0,0.015441111308046793,7
Kingsley Suamataia,OT,KC,0.0,0.015441111308046793,7
Joe Alt,OT,LAC,0.0,0.015441111308046793,7
Alec Anderson,OT,BUF,0.0,0.015441111308046793,7
Maxwell Hairston,CB,BUF,0.0,0.014366941302425173,8
Dicaprio Bootle,CB,LAC,0.0,0.014366941302425173,8
Bradley Roby,CB,PHI,0.0,0.014366941302425173,8
Marcellas Dial Jr.,CB,NE,0.0,0.014366941302425173,8
Caleb Farley,CB,CAR,0.0,0.014366941302425173,8
Artie Burns,CB,SEA,0.0,0.014366941302425173,8
Christian Holmes,CB,WAS,0.0,0.014366941302425173,8
Amani Oruwariye,CB,BAL,0.0,0.014366941302425173,8
Keyon Martin,CB,BAL,0.0,0.014366941302425173,8
Shemar Jean-Charles,CB,NO,0.0,0.014366941302425173,8
Azareye'h Thomas,CB,NYJ,0.0,0.014366941302425173,8
Chuma Edoga,OT,JAX,0.0,0.01433817478604345,8
Tytus Howard,OT,HOU,0.0,0.01433817478604345,8
Jonah Williams,OT,ARI,0.0,0.01433817478604345,8
Roger Rosengarten,OT,BAL,0.0,0.01433817478604345,8
Patrick Paul,OT,MIA,0.0,0.01433817478604345,8
Olumuyiwa Fashanu,OT,NYJ,0.0,0.01433817478604345,8
Taylor Moton,OT,CAR,0.0,0.01433817478604345,8
Abraham Lucas,OT,SEA,0.0,0.01433817478604345,8
Jedrick Wills,OT,CLE,0.0,0.01433817478604345,8
Kolton Miller,OT,LV,0.0,0.01433817478604345,8
Nicholas Petit-Frere,OT,TEN,0.0,0.01433817478604345,8
Stone Forsythe,OT,LV,0.0,0.01433817478604345,8
Blake Gillikin,P,ARI,0.016666666666666666,0.014095710167079653,30
Jarrick Bernard-Converse,CB,NYG,0.0,0.01340914521559683,9
Benjamin Morrison,CB,TB,0.0,0.01340914521559683,9
Jordan Hancock,CB,BUF,0.0,0.01340914521559683,9
Darren Hall,CB,ARI,0.0,0.01340914521559683,9
Jason Marshall Jr.,CB,MIA,0.0,0.01340914521559683,9
Dallis Flowers,CB,CHI,0.0,0.01340914521559683,9
Ameer Speed,CB,HOU,0.0,0.01340914521559683,9
Tre Tomlinson,CB,LA,0.0,0.01340914521559683,9
Nic Jones,CB,NYG,0.0,0.01340914521559683,9
Amarius Mims,OT,CIN,0.0,0.013382296466973887,9
DJ Glaze,OT,LV,0.0,0.013382296466973887,9
James Hudson,OT,NYG,0.0,0.013382296466973887,9
Demontrey Jacobs,OT,NE,0.0,0.013382296466973887,9
D.J. Humphries,OT,LA,0.0,0.013382296466973887,9
Jack Fox,P,DET,0.014571428571428572,0.013062315261736046,47
Justin Bethel,CB,MIA,0.0,0.012571073639622028,10
Marcus Peters,CB,LV,0.0,0.012571073639622028,10
Kevin King,CB,ATL,0.0,0.012571073639622028,10
Trey Amos,CB,WAS,0.0,0.012571073639622028,10
Peter Skoronski,OT,TEN,0.0,0.012545902937788019,10
Colton McKivitz,OT,SF,0.0,0.012545902937788019,10
Dan Moore Jr.,OT,TEN,0.0,0.012545902937788019,10
Cole Strange,G,MIA,0.015000000000000003,0.012081668331668332,8
Darien Porter,CB,LV,0.0,0.011831598719644261,11
Eric Garror,CB,TEN,0.0,0.011831598719644261,11
Charles Woods,CB,NE,0.0,0.011831598719644261,11
Storm Duck,CB,MIA,0.0,0.011831598719644261,11
Will Johnson,CB,ARI,0.0,0.011831598719644261,11
Kris Boyd,CB,HOU,0.0,0.011831598719644261,11
Shaun Wade,CB,NE,0.0,0.011831598719644261,11
Andrew Booth,CB,DAL,0.0,0.011831598719644261,11
Marcus Harris,CB,TEN,0.0,0.011831598719644261,11
Tre Hawkins III,CB,NYG,0.0,0.011831598719644261,11
Liam Eichenberg,OT,MIA,0.0,0.0118079086473299,11
Braxton Jones,OT,CHI,0.0,0.0118079086473299,11
Kelvin Beachum,OT,ARI,0.0,0.0118079086473299,11
Tyler Steen,OT,PHI,0.0,0.0118079086473299,11
Keisean Nixon,DB,GB,0.012941176470588237,0.011592990967412469,51
Rodney Thomas,SAF,IND,0.01363636363636364,0.011364047369099664,26
Eli Apple,CB,SF,0.0,0.011174287679664024,12
Jerry Jacobs,CB,DET,0.0,0.011174287679664024,12
Art Green,CB,NYG,0.0,0.011174287679664024,12
Tre Flowers,CB,IND,0.0,0.011174287679664024,12
Ethan Bonner,CB,MIA,0.0,0.011174287679664024,12
Penei Sewell,OT,DET,0.0,0.011151913722478238,12
Broderick Jones,OT,PIT,0.0,0.011151913722478238,12
Rashawn Slater,OT,LAC,0.0,0.011151913722478238,12
Alaric Jackson,OT,LA,0.0,0.011151913722478238,12
Dawand Jones,OT,CLE,0.0,0.011151913722478238,12
Tyler Guyton,OT,DAL,0.0,0.011151913722478238,12
Sean Rhyan,OT,GB,0.0,0.011151913722478238,12
Chase Lucas,CB,SF,0.0,0.010586167275471181,13
Ka'dar Hollman,CB,BAL,0.0,0.010586167275471181,13
Dee Williams,CB,NYG,0.0,0.010586167275471181,13
Robert Rochell,CB,CAR,0.0,0.010586167275471181,13
Ambry Thomas,CB,SF,0.0,0.010586167275471181,13
Trey Pipkins,OT,LAC,0.0,0.010564970894979384,13
Walker Little,OT,JAX,0.0,0.010564970894979384,13
Austin Jackson,OT,MIA,0.0,0.010564970894979384,13
Bernhard Raimann,OT,IND,0.0,0.010564970894979384,13
Brian O'Neill,OT,MIN,0.0,0.010564970894979384,13
Sam Cosmi,OT,WAS,0.0,0.010564970894979384,13
Morgan Moses,OT,NE,0.0,0.010564970894979384,13
Taylor Decker,OT,DET,0.0,0.010564970894979384,13
Anton Harrison,OT,JAX,0.0,0.010564970894979384,13
Kyu Blu Kelly,CB,LV,0.0,0.010056858911697622,14
C.J. Henderson,CB,ATL,0.0,0.010056858911697622,14
Julius Brents,CB,MIA,0.0,0.010056858911697622,14
Daryl Worley,CB,TEN,0.0,0.010056858911697622,14
Denzel Burke,CB,ARI,0.0,0.010056858911697622,14
Nehemiah Pritchett,CB,SEA,0.0,0.010056858911697622,14
Darrell Luter Jr.,CB,SF,0.0,0.010056858911697622,14
Braden Smith,OT,IND,0.0,0.010036722350230414,14
Charles Cross,OT,SEA,0.0,0.010036722350230414,14
Taliese Fuaga,OT,NO,0.0,0.010036722350230414,14
Eli Ricks,CB,PHI,0.0,0.009577960868283449,15
Jaire Alexander,CB,BAL,0.0,0.009577960868283449,15
Alex Austin,CB,NE,0.0,0.009577960868283449,15
Tre Herndon,CB,JAX,0.0,0.009577960868283449,15
Jalen Davis,CB,CIN,0.0,0.009577960868283449,15
Nazeeh Johnson,CB,KC,0.0,0.009577960868283449,15
D'Angelo Ross,CB,CLE,0.0,0.009577960868283449,15
Kris Abrams-Draine,CB,DEN,0.0,0.009577960868283449,15
Cam Robinson,OT,CLE,0.0,0.009558783190695632,15
Trent Williams,OT,SF,0.0,0.009558783190695632,15
Elijah Wilkinson,OT,ATL,0.0,0.009558783190695632,15
Xavien Howard,CB,IND,0.0,0.009142599010634201,16
Rico Payton,CB,NYG,0.0,0.009142599010634201,16
Patrick Peterson,CB,PIT,0.0,0.009142599010634201,16
Jahdae Barron,CB,DEN,0.0,0.009142599010634201,16
Quincy Riley,CB,NO,0.0,0.009142599010634201,16
Upton Stout,CB,SF,0.0,0.009142599010634201,16
Jacob Parrish,CB,TB,0.0,0.009142599010634201,16
Beanie Bishop Jr.,CB,PIT,0.0,0.009142599010634201,16
Nohl Williams,CB,KC,0.0,0.009142599010634201,16
James Bradberry,CB,PHI,0.0,0.009142599010634201,16
Jordan Mailata,OT,PHI,0.0,0.009124293045664013,16
Rasheed Walker,OT,GB,0.0,0.009124293045664013,16
Mike McGlinchey,OT,DEN,0.0,0.009124293045664013,16
Christian Darrisaw,OT,MIN,0.0,0.009124293045664013,16
Lane Johnson,OT,PHI,0.0,0.009124293045664013,16
Deane Leonard,CB,LAC,0.0,0.00874509470582402,17
Steven Nelson,CB,HOU,0.0,0.00874509470582402,17
Ugo Amadi,CB,NO,0.0,0.00874509470582402,17
Kindle Vildor,CB,TB,0.0,0.00874509470582402,17
Terence Steele,OT,DAL,0.0,0.008727584652374273,17
Paris Johnson Jr.,OT,ARI,0.0,0.008727584652374273,17
Blake Brandel,OT,MIN,0.0,0.008727584652374273,17
Josh Wallace,CB,LA,0.0,0.008380715759748018,18
D.J. Ivey,CB,CIN,0.0,0.008380715759748018,18
Orlando Brown,OT,CIN,0.0,0.008363935291858679,18
Patrick Mekari,OT,JAX,0.0,0.008363935291858679,18
Jake Matthews,OT,ATL,0.0,0.008363935291858679,18
Luke Goedeke,OT,TB,0.0,0.008363935291858679,18
Dane Jackson,CB,BUF,0.0,0.008045487129358098,19
Christian Roland-Wallace,CB,KC,0.0,0.008045487129358098,19
Israel Mukuamu,CB,CAR,0.0,0.008045487129358098,19
T.J. Tampa,CB,BAL,0.0,0.008045487129358098,19
Terell Smith,CB,CHI,0.0,0.008045487129358098,19
Myles Harden,CB,CLE,0.0,0.008045487129358098,19
Trevor Penning,OT,LAC,0.0,0.008029377880184332,19
Isaiah Pola-Mao,SAF,LV,0.008823529411764707,0.007849371296101294,39
Kaiir Elam,CB,DAL,0.0,0.007736045316690479,20
Decamerion Richardson,CB,LV,0.0,0.007736045316690479,20
Jalyn Armour-Davis,CB,TEN,0.0,0.007736045316690479,20
Dillon Radunz,OT,NO,0.0,0.007720555654023397,20
Laremy Tunsil,OT,WAS,0.0,0.007720555654023397,20
Thomas Morstead,P,SF,0.008470588235294117,0.007667292616833057,48
Casey Rogers,DT,NYG,0.0,0.007645502645502645,1
Austin Faoliu,DT,SEA,0.0,0.007645502645502645,1
McTelvin Agim,DT,IND,0.0,0.007645502645502645,1
Ricky Barber,DT,WAS,0.0,0.007645502645502645,1
Haggai Ndubuisi,DT,HOU,0.0,0.007645502645502645,1
Deadrin Senat,DT,TB,0.0,0.007645502645502645,1
Marquise Copeland,DT,LA,0.0,0.007645502645502645,1
Vernon Broughton,DT,NO,0.0,0.007645502645502645,1
Arthur Maulet,CB,DET,0.0,0.007449525119776016,21
Ja'Marcus Ingram,CB,BUF,0.0,0.007449525119776016,21
Derion Kendrick,CB,LA,0.0,0.007449525119776016,21
Brandon Codrington,CB,BUF,0.0,0.007449525119776016,21
Ronnie Stanley,OT,BAL,0.0,0.007434609148318825,21
Spencer Brown,OT,BUF,0.0,0.007434609148318825,21
Tre Avery,CB,CLE,0.0,0.007183470651212586,22
Clark Phillips III,CB,ATL,0.0,0.007183470651212586,22
Cameron Sutton,CB,PIT,0.0,0.007183470651212586,22
Trevon Diggs,CB,DAL,0.0,0.007183470651212586,22
Nahshon Wright,CB,CHI,0.0,0.007183470651212586,22
Troy Hill,CB,CAR,0.0,0.007183470651212586,22
Jeff Okudah,CB,MIN,0.0,0.007183470651212586,22
Dion Dawkins,OT,BUF,0.0,0.007169087393021725,22
Ikem Ekwonu,OT,CAR,0.0,0.007169087393021725,22
Darnell Wright,OT,CHI,0.0,0.007169087393021725,22
Garett Bolles,OT,DEN,0.0,0.007169087393021725,22
Elijah Klein,G,TB,0.0,0.007020479520479519,1
Michael Jurgens,G,MIN,0.0,0.007020479520479519,1
Gabe Jackson,G,CAR,0.0,0.007020479520479519,1
Zack Martin,G,DAL,0.0,0.007020479520479519,1
Bryce Cabeldue,G,SEA,0.0,0.007020479520479519,1
Kendrick Green,G,HOU,0.0,0.007020479520479519,1
Xavier Truss,G,NO,0.0,0.007020479520479519,1
Ja'Tyre Carter,G,CHI,0.0,0.007020479520479519,1
McClendon Curtis,G,SEA,0.0,0.007020479520479519,1
Jackson Carman,G,MIA,0.0,0.007020479520479519,1
Miles Frazier,G,DET,0.0,0.007020479520479519,1
Darian Kinnard,G,GB,0.0,0.007020479520479519,1
Nash Jensen,G,CAR,0.0,0.007020479520479519,1
Sua Opeta,G,PHI,0.0,0.007020479520479519,1
Royce Newman,G,GB,0.0,0.007020479520479519,1
Dan Feeney,G,CHI,0.0,0.007020479520479519,1
Michael Niese,G,DET,0.0,0.007020479520479519,1
Colby Sorsdal,G,DET,0.0,0.007020479520479519,1
Andrew Rupcich,G,TEN,0.0,0.007020479520479519,1
Xavier Newman-Johnson,G,NYJ,0.0,0.007020479520479519,1
C.J. Hanson,G,KC,0.0,0.007020479520479519,1
Kyle Hinton,G,ATL,0.0,0.007020479520479519,1
Justin McCray,G,CAR,0.0,0.007020479520479519,1
Ronald Darby,CB,JAX,0.0,0.006935764766688015,23
Josh Newton,CB,CIN,0.0,0.006935764766688015,23
Samuel Womack,CB,NYJ,0.0,0.006704572607798415,24
Terrion Arnold,CB,DET,0.0,0.006704572607798415,24
Perrion Winfrey,DT,DAL,0.0,0.006689814814814814,2
Rylie Mills,DT,SEA,0.0,0.006689814814814814,2
Ross Blacklock,DT,TEN,0.0,0.006689814814814814,2
Jack Heflin,DT,LA,0.0,0.006689814814814814,2
Tanzel Smart,DT,NYJ,0.0,0.006689814814814814,2
Travis Bell,DT,ATL,0.0,0.006689814814814814,2
Tyler Lancaster,DT,DEN,0.0,0.006689814814814814,2
Payton Page,DT,NYJ,0.0,0.006689814814814814,2
Omarr Norman-Lott,DT,KC,0.0,0.006689814814814814,2
Shemar Turner,DT,CHI,0.0,0.006689814814814814,2
Siaki Ika,DT,CLE,0.0,0.006689814814814814,2
Eric Banks,DT,ARI,0.0,0.006689814814814814,2
James Pierre,CB,PIT,0.0,0.006488296072062982,25
Fabian Moreau,CB,MIN,0.0,0.006488296072062982,25
Shaquill Griffin,CB,SEA,0.0,0.006488296072062982,25
Chau Smith-Wade,CB,CAR,0.0,0.006488296072062982,25
Jawaan Taylor,OT,KC,0.0,0.006475304742084138,25
Asante Samuel Jr.,CB,PIT,0.0,0.006285536819811014,26
Marco Wilson,CB,CIN,0.0,0.006285536819811014,26
Tre Brown,CB,LA,0.0,0.006285536819811014,26
Antonio Hamilton,CB,WAS,0.0,0.006285536819811014,26
Max Melton,CB,ARI,0.0,0.006285536819811014,26
Darnay Holmes,CB,LV,0.0,0.006285536819811014,26
Michael Davis,CB,NO,0.0,0.006285536819811014,26
Kendall Fuller,CB,MIA,0.0,0.006285536819811014,26
Danny Pinter,G,IND,0.0,0.00614291958041958,2
Joe Huber,G,MIN,0.0,0.00614291958041958,2
Ben Cleveland,G,BAL,0.0,0.00614291958041958,2
Wes Schweitzer,G,NYJ,0.0,0.00614291958041958,2
Carter O'Donnell,G,ARI,0.0,0.00614291958041958,2
Christian Haynes,G,SEA,0.0,0.00614291958041958,2
Matt Feiler,G,TB,0.0,0.00614291958041958,2
Kayode Awosika,G,DET,0.0,0.00614291958041958,2
Marcus Mbow,G,NYG,0.0,0.00614291958041958,2
Blake Hance,G,TEN,0.0,0.00614291958041958,2
Corey Levin,G,TEN,0.0,0.00614291958041958,2
Tremayne Anchrum,G,LA,0.0,0.00614291958041958,2
Nate Davis,G,CHI,0.0,0.00614291958041958,2
Zak Zinter,G,CLE,0.0,0.00614291958041958,2
Caedan Wallace,G,NE,0.0,0.00614291958041958,2
Jon Gaines II,G,ARI,0.0,0.00614291958041958,2
Marshon Lattimore,CB,WAS,0.0,0.0060950660070894684,27
Starling Thomas V,CB,ARI,0.0,0.0060950660070894684,27
C.J. Goodwin,CB,DAL,0.0,0.0060950660070894684,27
Akayleb Evans,CB,CAR,0.0,0.0060950660070894684,27
Jalen Mills,CB,DET,0.0,0.0060950660070894684,27
Ezekiel Turner,LB,DET,0.008,0.006032420138113148,17
Chris Smith,DT,DET,0.0,0.005946502057613168,3
Jay Toia,DT,DAL,0.0,0.005946502057613168,3
Eli Ankou,DT,BUF,0.0,0.005946502057613168,3
Howard Cross III,DT,CIN,0.0,0.005946502057613168,3
Hassan Ridgeway,DT,HOU,0.0,0.005946502057613168,3
Timmy Horne,DT,ATL,0.0,0.005946502057613168,3
Christopher Hinton,DT,LAC,0.0,0.005946502057613168,3
Zion Logue,DT,BUF,0.0,0.005946502057613168,3
Brodric Martin,DT,DET,0.0,0.005946502057613168,3
Ty Robinson,DT,PHI,0.0,0.005946502057613168,3
L'Jarius Sneed,CB,TEN,0.0,0.005915799359822131,28
Rock Ya-Sin,CB,DET,0.0,0.005915799359822131,28
Isaiah Rodgers,CB,MIN,0.0,0.005915799359822131,28
Noah Igbinoghene,CB,WAS,0.0,0.005915799359822131,28
Kei'Trel Clark,CB,ARI,0.0,0.005915799359822131,28
Cam Hart,CB,LAC,0.0,0.005915799359822131,28
Sean Murphy-Bunting,CB,ARI,0.0,0.0057467765209700695,29
Kool-Aid McKinstry,CB,NO,0.0,0.0057467765209700695,29
Tarheeb Still,CB,LAC,0.0,0.0057467765209700695,29
Jake Brendel,C,SF,0.008571428571428572,0.005656779661016949,12
Logan Cooke,P,JAX,0.00611764705882353,0.005595141409929357,50
Kamari Lassiter,CB,HOU,0.0,0.005587143839832012,30
Jarrian Jones,CB,JAX,0.0,0.005587143839832012,30
Cooper DeJean,CB,PHI,0.0,0.005587143839832012,30
Renardo Green,CB,SF,0.0,0.005587143839832012,30
Tre'Davious White,CB,BUF,0.0,0.005587143839832012,30
Kristian Fulton,CB,KC,0.0,0.005587143839832012,30
Austin McNamara,P,NYJ,0.007058823529411764,0.005541111565863803,17
Tyre Phillips,G,NYG,0.0,0.00546037296037296,3
Dalton Tucker,G,IND,0.0,0.00546037296037296,3
James Daniels,G,PIT,0.0,0.00546037296037296,3
Jake Kubas,G,NYG,0.0,0.00546037296037296,3
Chris Paul,G,WAS,0.0,0.00546037296037296,3
Chris Glaser,G,NYJ,0.0,0.00546037296037296,3
Christian Mahogany,G,DET,0.0,0.00546037296037296,3
Cameron Erving,G,NO,0.0,0.00546037296037296,3
Jon Feliciano,G,SF,0.0,0.00546037296037296,3
Sidy Sow,G,NE,0.0,0.00546037296037296,3
Nick Leverett,G,NE,0.0,0.00546037296037296,3
Layden Robinson,G,NE,0.0,0.00546037296037296,3
Kenyon Green,G,HOU,0.0,0.00546037296037296,3
Phil Haynes,G,SEA,0.0,0.00546037296037296,3
Josh Blackwell,CB,CHI,0.0,0.0054361399522689854,31
Kyler Gordon,CB,CHI,0.0,0.0054361399522689854,31
Kader Kohou,CB,MIA,0.0,0.0054361399522689854,31
Aeneas Peebles,DT,BAL,0.0,0.0053518518518518516,4
Jayden Peevy,DT,CAR,0.0,0.0053518518518518516,4
Al Woods,DT,NYJ,0.0,0.0053518518518518516,4
Abdullah Anderson,DT,WAS,0.0,0.0053518518518518516,4
Logan Lee,DT,PIT,0.0,0.0053518518518518516,4
Carl Davis,DT,WAS,0.0,0.0053518518518518516,4
T.Y. McGill,DT,CLE,0.0,0.0053518518518518516,4
Cam Jackson,DT,CAR,0.0,0.0053518518518518516,4
T.J. Smith,DT,CAR,0.0,0.0053518518518518516,4
Stephon Gilmore,CB,MIN,0.0,0.0052930836377355905,32
Joshua Williams,CB,KC,0.0,0.0052930836377355905,32
Eric Stokes,CB,LV,0.0,0.0052930836377355905,32
Quinyon Mitchell,CB,PHI,0.0,0.0052930836377355905,32
Myles Bryant,CB,HOU,0.0,0.0052930836377355905,32
Nate Hobbs,CB,GB,0.0,0.0052930836377355905,32
Nate Wiggins,CB,BAL,0.0,0.0052930836377355905,32
Tremon Smith,CB,HOU,0.0,0.0052930836377355905,32
Dell Pettus,SAF,NE,0.0062499999999999995,0.005270829698818435,23
Michael Carter II,CB,NYJ,0.0,0.00515736354446032,33
Ahkello Witherspoon,CB,LA,0.0,0.00515736354446032,33
Martin Emerson,CB,CLE,0.0,0.00515736354446032,33
Nick McCloud,CB,CHI,0.0,0.00515736354446032,33
Emmanuel Forbes,CB,LA,0.0,0.00515736354446032,33
Christian Gonzalez,CB,NE,0.0,0.005028429455848811,34
Paulson Adebo,CB,NYG,0.0,0.005028429455848811,34
Mike Sainristil,CB,WAS,0.0,0.005028429455848811,34
Garrett Williams,CB,ARI,0.0,0.005028429455848811,34
Kelee Ringo,CB,PHI,0.0,0.005028429455848811,34
Justin Pugh,G,NYG,0.0,0.0049143356643356634,4
Cody Whitehair,G,LV,0.0,0.0049143356643356634,4
Max Garcia,G,NO,0.0,0.0049143356643356634,4
Austin Corbett,G,CAR,0.0,0.0049143356643356634,4
Mason McCormick,G,PIT,0.0,0.0049143356643356634,4
Brett Toth,G,PHI,0.0,0.0049143356643356634,4
Jonah Savaiinaea,G,MIA,0.0,0.0049143356643356634,4
Lester Cotton,G,MIA,0.0,0.0049143356643356634,4
Chidobe Awuzie,CB,BAL,0.0,0.00490578483497445,35
Darius Slay,CB,PIT,0.0,0.00490578483497445,35
Jaylen Watson,CB,KC,0.0,0.00490578483497445,35
Mike Hilton,CB,IND,0.0,0.00490578483497445,35
Nesta Jade Silvera,DT,LV,0.0,0.004865319865319864,5
Eric Gregory,DT,NE,0.0,0.004865319865319864,5
DeWayne Carter,DT,BUF,0.0,0.004865319865319864,5
Jaden Crumedy,DT,CAR,0.0,0.004865319865319864,5
Phil Hoskins,DT,ARI,0.0,0.004865319865319864,5
DaRon Bland,CB,DAL,0.0,0.004788980434141724,36
Jaycee Horn,CB,CAR,0.0,0.004788980434141724,36
Charvarius Ward,CB,IND,0.0,0.004788980434141724,36
Josh Jobe,CB,SEA,0.0,0.004788980434141724,36
Tommy Townsend,P,HOU,0.0051764705882352945,0.0047622029125415355,51
Ja'Sir Taylor,CB,LAC,0.0,0.004677608796138428,37
Cam Taylor-Britt,CB,CIN,0.0,0.004677608796138428,37
Coby Bryant,CB,SEA,0.0,0.004677608796138428,37
Jamel Dean,CB,TB,0.0,0.004677608796138428,37
Montaric Brown,CB,JAX,0.0,0.004571299505317101,38
Jaylon Johnson,CB,CHI,0.0,0.004571299505317101,38
Darrell Baker Jr.,CB,TEN,0.0,0.004571299505317101,38
Riley Moss,CB,DEN,0.0,0.004571299505317101,38
Roger McCreary,CB,LA,0.0,0.004571299505317101,38
Adoree' Jackson,CB,PHI,0.0,0.004571299505317101,38
Isaiah Wynn,G,MIA,0.0,0.004467577876668785,5
Atonio Mafi,G,LV,0.0,0.004467577876668785,5
Nick Gates,G,PHI,0.0,0.004467577876668785,5
Will Hernandez,G,ARI,0.0,0.004467577876668785,5
Tyler Booker,G,DAL,0.0,0.004467577876668785,5
Grey Zabel,G,SEA,0.0,0.004467577876668785,5
Jordan Meredith,G,LV,0.0,0.004467577876668785,5
Brandon Scherff,G,JAX,0.0,0.004467577876668785,5
Tate Ratledge,G,DET,0.0,0.004467577876668785,5
Donovan Jackson,G,MIN,0.0,0.004467577876668785,5
Mark Glowinski,G,IND,0.0,0.004467577876668785,5
James Hurst,G,NO,0.0,0.004467577876668785,5
Bruce Hector,DT,NYJ,0.0,0.004459876543209876,6
Walter Nolen,DT,ARI,0.0,0.004459876543209876,6
Myles Adams,DT,DET,0.0,0.004459876543209876,6
Khristian Boyd,DT,NO,0.0,0.004459876543209876,6
Darious Williams,CB,LA,0.0,0.00437254735291201,40
Tyson Campbell,CB,CLE,0.0,0.00437254735291201,40
Mike Hughes,CB,ATL,0.0,0.00437254735291201,40
D.J. Reed,CB,DET,0.0,0.00437254735291201,40
Sauce Gardner,CB,IND,0.0,0.004279514430509626,41
Isaac Yiadom,CB,NO,0.0,0.004279514430509626,41
Elijah Molden,CB,LAC,0.0,0.004279514430509626,41
Greg Newsome II,CB,CLE,0.0,0.004279514430509626,41
Marlon Humphrey,CB,BAL,0.0,0.004279514430509626,41
Derek Stingley Jr.,CB,HOU,0.0,0.004279514430509626,41
Taron Johnson,CB,BUF,0.0,0.004279514430509626,41
Cordale Flott,CB,NYG,0.0,0.004190357879874009,42
DJ Turner II,CB,CIN,0.0,0.004190357879874009,42
Denzel Ward,CB,CLE,0.0,0.004190357879874009,42
Carlton Davis III,CB,NE,0.0,0.004190357879874009,42
Tonka Hemingway,DT,LV,0.0,0.004116809116809117,7
Mekhi Wingo,DT,DET,0.0,0.004116809116809117,7
JJ Pegues,DT,LV,0.0,0.004116809116809117,7
Isaiah Buggs,DT,DET,0.0,0.004116809116809117,7
Zeek Biggers,DT,MIA,0.0,0.004116809116809117,7
Nazir Stackhouse,DT,GB,0.0,0.004116809116809117,7
Brian Branch,CB,DET,0.0,0.004104840372121478,43
Deonte Banks,CB,NYG,0.0,0.004104840372121478,43
Jourdan Lewis,CB,JAX,0.0,0.004104840372121478,43
Devon Witherspoon,CB,SEA,0.0,0.004104840372121478,43
Tanor Bortolini,G,IND,0.0,0.00409527972027972,6
Alijah Vera-Tucker,G,NYJ,0.0,0.00409527972027972,6
Andrew Vorhees,G,BAL,0.0,0.00409527972027972,6
Matt Goncalves,G,IND,0.0,0.00409527972027972,6
Daniel Faalele,G,BAL,0.0,0.00409527972027972,6
Steve Avila,G,LA,0.0,0.00409527972027972,6
Aaron Stinnie,G,NYG,0.0,0.00409527972027972,6
Kevin Dotson,G,LA,0.0,0.00409527972027972,6
Cooper Beebe,G,DAL,0.0,0.00409527972027972,6
Cole Van Lanen,G,JAX,0.0,0.00409527972027972,6
Andrus Peat,G,PIT,0.0,0.00409527972027972,6
Connor McGovern,G,NO,0.0,0.00409527972027972,6
Dylan Fairchild,G,CIN,0.0,0.00409527972027972,6
Mike Jordan,G,TB,0.0,0.00409527972027972,6
Jack Jones,CB,MIA,0.0,0.004022743564679049,44
Christian Benford,CB,BUF,0.0,0.004022743564679049,44
Jalen Ramsey,CB,PIT,0.0,0.004022743564679049,44
Tyrique Stevenson,CB,CHI,0.0,0.004022743564679049,44
Cam Lewis,CB,BUF,0.0,0.004022743564679049,44
Dee Alford,CB,ATL,0.0,0.00394386623988142,45
Mike Jackson,CB,CAR,0.0,0.00394386623988142,45
Trent McDuffie,CB,KC,0.0,0.00394386623988142,45
Ja'Quan McMillian,CB,DEN,0.0,0.00394386623988142,45
Kenny Moore II,CB,IND,0.0,0.00394386623988142,45
Donte Jackson,CB,LAC,0.0,0.00394386623988142,45
Rasul Douglas,CB,MIA,0.0,0.00394386623988142,45
Riq Woolen,CB,SEA,0.0,0.00394386623988142,45
Joey Porter Jr.,CB,PIT,0.0,0.0038680226583452395,46
Cobie Durant,CB,LA,0.0,0.0038680226583452395,46
Amik Robertson,CB,DET,0.0,0.0038680226583452395,46
Zyon McCollum,CB,TB,0.0,0.0038680226583452395,46
Warren Brinson,DT,GB,0.0,0.0038227513227513223,8
Mike Greene,DT,TB,0.0,0.0038227513227513223,8
Jonathan Ford,DT,CHI,0.0,0.0038227513227513223,8
Pat Surtain II,CB,DEN,0.0,0.0037950410987538197,47
Benjamin St-Juste,CB,LAC,0.0,0.0037950410987538197,47
Byron Murphy,CB,MIN,0.0,0.0037950410987538197,47
A.J. Terrell,CB,ATL,0.0,0.0037950410987538197,47
Jonah Jackson,G,CHI,0.0,0.0037802582033351264,7
Cody Mauch,G,TB,0.0,0.0037802582033351264,7
Shaq Mason,G,HOU,0.0,0.0037802582033351264,7
Brandon Coleman,G,WAS,0.0,0.0037802582033351264,7
Joshua Ezeudu,G,NYG,0.0,0.0037802582033351264,7
Ted Karras,G,CIN,0.0,0.0037802582033351264,7
Brandon Stephens,CB,NYJ,0.0,0.0036570396042536805,49
Deommodore Lenoir,CB,SF,0.0,0.0036570396042536805,49
Tyrion Ingram-Dawkins,DT,MIN,0.0,0.003567901234567901,9
Cameron Young,DT,SEA,0.0,0.003567901234567901,9
Ty Hamilton,DT,LA,0.0,0.003567901234567901,9
Esezi Otomewo,DT,PIT,0.0,0.003567901234567901,9
Quinton Bohanna,DT,GB,0.0,0.003567901234567901,9
Jordan Jefferson,DT,CIN,0.0,0.003567901234567901,9
Basil Okoye,DT,BAL,0.0,0.003567901234567901,9
Alontae Taylor,CB,NO,0.0,0.0035287224251570604,51
Robert Jones,G,MIA,0.0,0.0035102397602397597,8
Isaiah Adams,G,ARI,0.0,0.0035102397602397597,8
Joe Thuney,G,CHI,0.0,0.0035102397602397597,8
Alex Cappa,G,LV,0.0,0.0035102397602397597,8
Ezra Cleveland,G,JAX,0.0,0.0035102397602397597,8
Beaux Limmer,G,LA,0.0,0.0035102397602397597,8
Chandler Zavala,G,CAR,0.0,0.0035102397602397597,8
Isaac Seumalo,G,PIT,0.0,0.0035102397602397597,8
Andrew Wylie,G,WAS,0.0,0.0035102397602397597,8
Spencer Burford,G,SF,0.0,0.0035102397602397597,8
Robert Hainsey,OT,JAX,-0.009523809523809526,0.003370055683563746,14
Marlon Tuipulotu,DT,KC,0.0,0.003344907407407407,10
Jaquelin Roy,DT,NE,0.0,0.003344907407407407,10
CJ West,DT,SF,0.0,0.003344907407407407,10
Brandon Pili,DT,SEA,0.0,0.003344907407407407,10
C.J. Brewer,DT,TB,0.0,0.003344907407407407,10
T.J. Sanders,DT,BUF,0.0,0.003344907407407407,10
Connor McGovern,G,BUF,0.0,0.003276223776223776,9
Dalton Risner,G,CIN,0.0,0.003276223776223776,9
Nick Allegretti,G,WAS,0.0,0.003276223776223776,9
Frank Ragnow,G,DET,0.0,0.003276223776223776,9
Cordell Volson,G,CIN,0.0,0.003276223776223776,9
Mike Onwenu,G,NE,0.0,0.003276223776223776,9
Julian Love,SAF,SEA,0.003529411764705882,0.003272551991886719,41
Albert Huggins,DT,ATL,0.0,0.003148148148148148,11
McKinnley Jackson,DT,CIN,0.0,0.003148148148148148,11
Alfred Collins,DT,SF,0.0,0.003148148148148148,11
Sam Kamara,DT,CLE,0.0,0.003148148148148148,11
Joshua Farmer,DT,NE,0.0,0.003148148148148148,11
Darius Alexander,DT,NYG,0.0,0.003148148148148148,11
Jaleel Johnson,DT,TEN,0.0,0.003148148148148148,11
Zach Bako-Bewele,G,GB,0.0,0.00307145979020979,10
Ben Powers,G,DEN,0.0,0.00307145979020979,10
Ed Ingram,G,HOU,0.0,0.00307145979020979,10
Jamaree Salyer,G,LAC,0.0,0.00307145979020979,10
Teven Jenkins,G,CLE,0.0,0.00307145979020979,10
Larry Borom,G,MIA,0.0,0.00307145979020979,10
Derrick Harmon,DT,PIT,0.0,0.002973251028806584,12
Zion Johnson,G,LAC,0.0,0.002890785684903332,11
Will Fries,G,MIN,0.0,0.002890785684903332,11
Ryan Neuzil,G,ATL,0.0,0.002890785684903332,11
Anthony Bradford,G,SEA,0.0,0.002890785684903332,11
O'Cyrus Torrence,G,BUF,0.0,0.002890785684903332,11
Joel Bitonio,G,CLE,0.0,0.002890785684903332,11
Amani Hooker,SAF,TEN,0.0030769230769230774,0.0028859541545597335,43
Tyleik Williams,DT,DET,0.0,0.002816764132553606,13
Nick Williams,DT,LAC,0.0,0.002816764132553606,13
Jamaree Caldwell,DT,LAC,0.0,0.002816764132553606,13
Byron Cowart,DT,CHI,0.0,0.002816764132553606,13
Damien Lewis,G,CAR,0.0,0.00273018648018648,12
Jon Runyan,G,NYG,0.0,0.00273018648018648,12
Kevin Strong,DT,ARI,0.0,0.0026759259259259258,14
Elijah Chatman,DT,NYG,0.0,0.0026759259259259258,14
Armon Watts,DT,NYG,0.0,0.0026759259259259258,14
Jordan Phillips,DT,MIA,0.0,0.0026759259259259258,14
Fletcher Cox,DT,PHI,0.0,0.0026759259259259258,14
Bryan Anger,P,DAL,0.002823529411764706,0.0026508819489334196,49
Laken Tomlinson,G,HOU,0.0,0.002586492454913507,13
Aaron Banks,G,GB,0.0,0.002586492454913507,13
Dylan Parham,G,LV,0.0,0.002586492454913507,13
Lucas Patrick,G,NO,0.0,0.002586492454913507,13
Kevin Zeitler,G,TEN,0.0,0.002586492454913507,13
PJ Mustipher,DT,ARI,0.0,0.002548500881834215,15
Josh Tupou,DT,BAL,0.0,0.002548500881834215,15
Deone Walker,DT,BUF,0.0,0.002548500881834215,15
Mike Hall Jr.,DT,CLE,0.0,0.002548500881834215,15
Jordon Riley,DT,GB,0.0,0.002548500881834215,15
Matthew Butler,DT,MIA,0.0,0.002548500881834215,15
Jaden Hicks,SAF,KC,0.0026785714285714286,0.0024795037912658875,29
Wyatt Teller,G,CLE,0.0,0.0024571678321678317,14
Jordan Jackson,DT,DEN,0.0,0.002432659932659932,16
Quenton Nelson,G,IND,0.0,0.0023401598401598398,15
Larrell Murchison,DT,LA,0.0,0.002326892109500805,17
Leonard Taylor III,DT,NE,0.0,0.002326892109500805,17
Kenneth Grant,DT,MIA,0.0,0.002326892109500805,17
Justin Eboigbe,DT,LAC,0.0,0.002326892109500805,17
Byron Young,DT,PHI,0.0,0.002326892109500805,17
Linval Joseph,DT,DAL,0.0,0.002326892109500805,17
Mason Graham,DT,CLE,0.0,0.002326892109500805,17
Lawrence Guy,DT,CIN,0.0,0.002326892109500805,17
Landon Dickerson,G,PHI,0.0,0.0022337889383343924,16
Montravius Adams,DT,PIT,0.0,0.002229938271604938,18
Leki Fotu,DT,HOU,0.0,0.002229938271604938,18
Justin Jones,DT,ARI,0.0,0.0021407407407407404,19
Mekhi Becton,G,LAC,0.0,0.0021366676801459405,17
Chris Lindstrom,G,ATL,0.0,0.0021366676801459405,17
Levi Onwuzurike,DT,DET,0.0,0.0020584045584045585,20
Eyioma Uwazurike,DT,DEN,0.0,0.0020584045584045585,20
Jonathan Harris,DT,CAR,0.0,0.0020584045584045585,20
William Gholston,DT,TB,0.0,0.0020584045584045585,20
Trey Smith,G,KC,0.0,0.00204763986013986,18
Riley Dixon,P,TB,0.0021176470588235292,0.002025360807278377,51
J.K. Scott,P,LAC,0.0021176470588235292,0.002023712838500785,50
Maurice Hurst,DT,CLE,0.0,0.0019821673525377225,21
Kurt Hinish,DT,HOU,0.0,0.0019821673525377225,21
Phidarian Mathis,DT,BUF,0.0,0.0019821673525377225,21
Daniel Ekuale,DT,PIT,0.0,0.0019821673525377225,21
Sheldon Day,DT,WAS,0.0,0.0019821673525377225,21
Maason Smith,DT,JAX,0.0,0.0019821673525377225,21
Jermaine Eluemunor,G,NYG,0.0,0.0019657342657342656,19
Kevin Givens,DT,SF,0.0,0.0019113756613756611,22
Cory Durden,DT,NE,0.0,0.0019113756613756611,22
Khalil Davis,DT,HOU,0.0,0.0019113756613756611,22
Zacch Pickens,DT,KC,0.0,0.0019113756613756611,22
Christian Wilkins,DT,LV,0.0,0.0019113756613756611,22
Ta'Quon Graham,DT,ATL,0.0,0.0018454661558109833,23
Tommy Togiai,DT,HOU,0.0,0.0018454661558109833,23
Jeremiah Pharms Jr.,DT,NE,0.0,0.0018454661558109833,23
Hjalte Froholdt,G,ARI,0.0,0.0018201243201243199,21
Ruke Orhorhoro,DT,ATL,0.0,0.0017839506172839506,24
Broderick Washington,DT,BAL,0.0,0.0017839506172839506,24
Bilal Nichols,DT,ARI,0.0,0.0017839506172839506,24
Eric Johnson,DT,IND,0.0,0.0017264038231780165,25
Jalyn Holmes,DT,WAS,0.0,0.0017264038231780165,25
Kalia Davis,DT,SF,0.0,0.0017264038231780165,25
Thomas Booker,DT,LV,0.0,0.0017264038231780165,25
Jay Tufele,DT,NYJ,0.0,0.0017264038231780165,25
James Lynch,DT,TEN,0.0,0.0017264038231780165,25
John Simpson,G,NYJ,0.0,0.0016945985049433322,23
Kris Jenkins,DT,CIN,0.0,0.0016724537037037036,26
Michael Pierce,DT,BAL,0.0,0.0016724537037037036,26
Chris Williams,DT,CHI,0.0,0.0016724537037037036,26
DJ Davidson,DT,NYG,0.0,0.0016724537037037036,26
Jer'Zhan Newton,DT,WAS,0.0,0.0016724537037037036,26
Zachary Carter,DT,ARI,0.0,0.0016724537037037036,26
Adetomiwa Adebawore,DT,IND,0.0,0.0016724537037037036,26
Mazi Smith,DT,DAL,0.0,0.0016724537037037036,26
Calijah Kancey,DT,TB,0.0,0.001621773288439955,27
T'Vondre Sweat,DT,TEN,0.0,0.001621773288439955,27
Jordan Phillips,DT,BUF,0.0,0.001621773288439955,27
Byron Murphy II,DT,SEA,0.0,0.001574074074074074,28
Otito Ogbonnia,DT,LAC,0.0,0.001574074074074074,28
Mike Pennel,DT,CIN,0.0,0.001574074074074074,28
Johnathan Hankins,DT,SEA,0.0,0.001574074074074074,28
Khyiris Tonga,DT,NE,0.0,0.001574074074074074,28
Jeremiah Ledbetter,DT,JAX,0.0,0.001574074074074074,28
John Ridgeway,DT,NO,0.0,0.001529100529100529,29
Raekwon Davis,DT,IND,0.0,0.001529100529100529,29
Jonah Laulu,DT,LV,0.0,0.001529100529100529,29
Taven Bryan,DT,BAL,0.0,0.001529100529100529,29
Foley Fatukasi,DT,HOU,0.0,0.001529100529100529,29
Sam Okuayinonu,DT,SF,0.0,0.001486625514403292,30
Naquan Jones,DT,HOU,0.0,0.001486625514403292,30
Ed Oliver,DT,BUF,0.0,0.0014464464464464463,31
DaQuan Jones,DT,BUF,0.0,0.0014464464464464463,31
Benning Potoa'e,DE,WAS,0.0,0.0014458637808891616,1
BJ Thompson,DE,KC,0.0,0.0014458637808891616,1
Titus Leo,DE,NE,0.0,0.0014458637808891616,1
Durell Nchami,DE,IND,0.0,0.0014458637808891616,1
DJ Coleman,DE,JAX,0.0,0.0014458637808891616,1
Sai'vion Jones,DE,DEN,0.0,0.0014458637808891616,1
Isaiah Thomas,DE,DET,0.0,0.0014458637808891616,1
Ty Shelby,DE,LAC,0.0,0.0014458637808891616,1
Tyreke Smith,DE,SEA,0.0,0.0014458637808891616,1
Khalid Duke,DE,TEN,0.0,0.0014458637808891616,1
Jahfari Harvey,DE,LV,0.0,0.0014458637808891616,1
Michael Dogbe,DE,HOU,0.0,0.0014458637808891616,1
Solomon Byrd,DE,HOU,0.0,0.0014458637808891616,1
Chase Winovich,DE,MIA,0.0,0.0014458637808891616,1
Austin Bryant,DE,SF,0.0,0.0014458637808891616,1
T.J. Maguranyanga,DE,WAS,0.0,0.0014458637808891616,1
Alim McNeill,DT,DET,0.0,0.001408382066276803,32
Braden Fiske,DT,LA,0.0,0.001408382066276803,32
Moro Ojomo,DT,PHI,0.0,0.001408382066276803,32
Benito Jones,DT,MIA,0.0,0.0013722697056030389,33
LaBryan Ray,DT,CAR,0.0,0.0013379629629629629,34
Derrick Brown,DT,CAR,0.0,0.0013379629629629629,34
Sheldon Rankins,DT,HOU,0.0,0.0013379629629629629,34
Denico Autry,DT,HOU,0.0,0.0013053297199638661,35
Christian Barmore,DT,NE,0.0,0.0013053297199638661,35
Khalen Saunders,DT,JAX,0.0,0.0013053297199638661,35
Johnathan Baldwin,SAF,GB,0.0,0.001300580180819233,1
Trevian Thomas,SAF,CAR,0.0,0.001300580180819233,1
Loren Strickland,SAF,DET,0.0,0.001300580180819233,1
Reuben Lowery,SAF,BAL,0.0,0.001300580180819233,1
Gervarrius Owens,SAF,NYG,0.0,0.001300580180819233,1
Tayler Hawkins,SAF,SF,0.0,0.001300580180819233,1
Lewis Cine,SAF,MIN,0.0,0.001300580180819233,1
DaVon Hamilton,DT,JAX,0.0,0.0012742504409171075,36
Andrew Billings,DT,CHI,0.0,0.0012742504409171075,36
Nnamdi Madubuike,DT,BAL,0.0,0.0012742504409171075,36
Neville Gallimore,DT,IND,0.0,0.0012742504409171075,36
Benton Whitley,DE,NYG,0.0,0.0012651308082780165,2
Joshua Pryor,DE,WAS,0.0,0.0012651308082780165,2
Isaac Ukwu,DE,DET,0.0,0.0012651308082780165,2
Kerry Hyder,DE,HOU,0.0,0.0012651308082780165,2
Fadil Diggs,DE,NO,0.0,0.0012651308082780165,2
Tyson Alualu,DE,DET,0.0,0.0012651308082780165,2
Kendal Vickers,DE,NO,0.0,0.0012651308082780165,2
Alex Barrett,DE,SF,0.0,0.0012651308082780165,2
Jason Pierre-Paul,DE,TB,0.0,0.0012651308082780165,2
Rakeem Nunez-Roches,DT,NYG,0.0,0.0012446167097329888,37
Tim Settle,DT,HOU,0.0,0.0012446167097329888,37
Grady Jarrett,DT,CHI,0.0,0.0012446167097329888,37
Poona Ford,DT,LA,0.0,0.0012446167097329888,37
Shy Tuttle,DT,TEN,0.0,0.001216329966329966,38
Devonte Wyatt,DT,GB,0.0,0.001216329966329966,38
Malcolm Roach,DT,DEN,0.0,0.001216329966329966,38
Greg Gaines,DT,TB,0.0,0.001216329966329966,38
Bobby Brown III,DT,CAR,0.0,0.0011893004115226336,39
DeForest Buckner,DT,IND,0.0,0.0011893004115226336,39
DJ Reader,DT,DET,0.0,0.0011893004115226336,39
Larry Ogunjobi,DT,BUF,0.0,0.0011634460547504024,40
Roy Lopez,DT,DET,0.0,0.0011386918833727342,41
Karl Brooks,DT,GB,0.0,0.0011386918833727342,41
Jerry Tillery,DT,KC,0.0,0.0011386918833727342,41
JT Woods,SAF,LAC,0.0,0.001138007658216829,2
Tanner Ingle,SAF,LA,0.0,0.001138007658216829,2
Benny Sapp III,SAF,GB,0.0,0.001138007658216829,2
Tariq Carpenter,SAF,PIT,0.0,0.001138007658216829,2
Daniel Scott,SAF,IND,0.0,0.001138007658216829,2
Andre' Sam,SAF,PHI,0.0,0.001138007658216829,2
Trey Washington,SAF,IND,0.0,0.001138007658216829,2
Patrick McMorris,SAF,MIA,0.0,0.001138007658216829,2
Jaylen Reed,SAF,HOU,0.0,0.001138007658216829,2
Shyheim Carter,SAF,TEN,0.0,0.001138007658216829,2
Tanner McCalister,SAF,DEN,0.0,0.001138007658216829,2
Julius Wood,SAF,TEN,0.0,0.001138007658216829,2
Anthony Goodlow,DE,ARI,0.0,0.001124560718469348,3
Earnest Brown IV,DE,LA,0.0,0.001124560718469348,3
Kyle Phillips,DE,NO,0.0,0.001124560718469348,3
Milton Williams,DT,NE,0.0,0.001114969135802469,42
Gervon Dexter Sr.,DT,CHI,0.0,0.001114969135802469,42
Vita Vea,DT,TB,0.0,0.001092214663643235,43
Dante Stills,DT,ARI,0.0,0.001092214663643235,43
Jarran Reed,DT,SEA,0.0,0.001092214663643235,43
Jalen Carter,DT,PHI,0.0,0.0010703703703703702,44
Jordan Elliott,DT,SF,0.0,0.0010703703703703702,44
Dexter Lawrence,DT,NYG,0.0,0.0010703703703703702,44
Maliek Collins,DT,CLE,0.0,0.0010703703703703702,44
Grover Stewart,DT,IND,0.0,0.0010493827160493825,45
Teair Tart,DT,LAC,0.0,0.0010493827160493825,45
Bryan Bresee,DT,NO,0.0,0.0010493827160493825,45
Travis Jones,DT,BAL,0.0,0.0010292022792022792,46
Tedarrell Slaton,DT,CIN,0.0,0.0010292022792022792,46
Javon Kinlaw,DT,WAS,0.0,0.0010292022792022792,46
Adam Butler,DT,LV,0.0,0.0010292022792022792,46
Jalen Harris,DE,WAS,0.0,0.0010121046466224132,4
Tyler Baron,DE,NYJ,0.0,0.0010121046466224132,4
Neil Farrell,DE,MIA,0.0,0.0010121046466224132,4
Joe Gaziano,DE,JAX,0.0,0.0010121046466224132,4
Elijah Williams,DE,MIN,0.0,0.0010121046466224132,4
Deon Bush,SAF,KC,0.0,0.0010115623628594035,3
Erick Hallett,SAF,DET,0.0,0.0010115623628594035,3
Jordan Colbert,SAF,MIA,0.0,0.0010115623628594035,3
Jason Taylor II,SAF,LA,0.0,0.0010115623628594035,3
Jaylen Mahoney,SAF,SF,0.0,0.0010115623628594035,3
Innis Gaines,SAF,GB,0.0,0.0010115623628594035,3
Rashad Wisdom,SAF,TB,0.0,0.0010115623628594035,3
David Onyemata,DT,ATL,0.0,0.0010097833682739343,47
Sebastian Joseph-Day,DT,TEN,0.0,0.0010097833682739343,47
John Jenkins,DT,BAL,0.0,0.0010097833682739343,47
Jordan Davis,DT,PHI,0.0,0.0010097833682739343,47
Quinnen Williams,DT,DAL,0.0,0.0009910836762688612,48
A'Shawn Robinson,DT,CAR,0.0,0.000973063973063973,49
D.J. Jones,DT,DEN,0.0,0.000973063973063973,49
Keeanu Benton,DT,PIT,0.0,0.0009556878306878306,50
Davon Godchaux,DT,NO,0.0,0.0009556878306878306,50
Osa Odighizuwa,DT,DAL,0.0,0.0009556878306878306,50
Harrison Phillips,DT,NYJ,0.0,0.0009389213775178686,51
Brad Wing,P,PIT,0.0,0.0009306957518584354,2
Arryn Siposs,P,PHI,0.0,0.0009306957518584354,2
Myles Cole,DE,JAX,0.0,0.0009200951332931028,5
Sebastian Castro,SAF,PIT,0.0,0.0009104061265734632,4
Beau Brade,SAF,NYG,0.0,0.0009104061265734632,4
Marlon Davidson,DE,HOU,0.0,0.000843420538852011,6
C.J. Ravenell,DE,TEN,0.0,0.000843420538852011,6
Oluwafemi Oladejo,DE,TEN,0.0,0.000843420538852011,6
Shemar Stewart,DE,CIN,0.0,0.000843420538852011,6
Truman Jones,DE,TEN,0.0,0.000843420538852011,6
Takk McKinley,DE,NYJ,0.0,0.000843420538852011,6
Efe Obada,DE,WAS,0.0,0.000843420538852011,6
Isaac Rochell,DE,LV,0.0,0.000843420538852011,6
Grayland Arnold,SAF,HOU,0.0,0.0008276419332486028,5
Alex Cook,SAF,CAR,0.0,0.0008276419332486028,5
Chris Edmonds,SAF,CLE,0.0,0.0008276419332486028,5
Jarius Monroe,SAF,NYJ,0.0,0.0008276419332486028,5
Drake Jackson,DE,WAS,0.0,0.0007785420358633947,7
TK McLendon Jr.,DE,TEN,0.0,0.0007785420358633947,7
Michael Palardy,P,ARI,0.0,0.0007445566014867483,4
Nolan Cooney,P,ARI,0.0,0.0007445566014867483,4
Demone Harris,DE,ATL,0.0,0.0007229318904445808,8
Barryn Sorrell,DE,GB,0.0,0.0007229318904445808,8
Kingsley Jonathan,DE,NYJ,0.0,0.0007229318904445808,8
Ali Gaye,DE,TEN,0.0,0.0007229318904445808,8
Angelo Blackson,DE,ARI,0.0,0.0007229318904445808,8
Danny Striggow,DE,JAX,0.0,0.0007229318904445808,8
BJ Green II,DE,JAX,0.0,0.0007229318904445808,8
Daijahn Anthony,SAF,CIN,0.0,0.0007003124050565102,7
Dean Clark,SAF,NYJ,0.0,0.0007003124050565102,7
Kendell Brooks,SAF,TEN,0.0,0.0007003124050565102,7
Raheem Layne,SAF,NYG,0.0,0.0007003124050565102,7
Jack Browning,P,TB,0.0,0.0006768696377152257,5
Adin Huntington,DE,CLE,0.0,0.0006747364310816088,9
KJ Henry,DE,DAL,0.0,0.0006747364310816088,9
Brenton Cox Jr.,DE,GB,0.0,0.0006747364310816088,9
Ben Stille,DE,ARI,0.0,0.0006747364310816088,9
Mykel Williams,DE,SF,0.0,0.0006747364310816088,9
Romeo Okwara,DE,DET,0.0,0.0006747364310816088,9
Carlos Watkins,DE,DAL,0.0,0.0006747364310816088,9
Kevin Winston Jr.,SAF,TEN,0.0,0.0006502900904096165,8
Marcus Davenport,DE,DET,0.0,0.0006325654041390083,10
Malik Herring,DE,KC,0.0,0.0006325654041390083,10
PJ Jules,SAF,CIN,0.0,0.0006069374177156421,9
Kitan Oladapo,SAF,GB,0.0,0.0006069374177156421,9
Delarrin Turner-Yell,SAF,DEN,0.0,0.0006069374177156421,9
Sanoussi Kane,SAF,BAL,0.0,0.0006069374177156421,9
Jaylahn Tuimolaou,DE,IND,0.0,0.0005953556744837725,11
Sam Roberts,DE,ATL,0.0,0.0005953556744837725,11
Jammie Robinson,SAF,ATL,0.0,0.0005690038291084145,10
R.J. Mickens,SAF,LAC,0.0,0.0005690038291084145,10
Keondre Jackson,SAF,BAL,0.0,0.0005690038291084145,10
Dean Lowry,DE,PIT,0.0,0.000562280359234674,12
Matt Henningsen,DE,DEN,0.0,0.000562280359234674,12
Elijah Roberts,DE,TB,0.0,0.000562280359234674,12
Jonathan Ledbetter,DE,ARI,0.0,0.000562280359234674,12
Yahya Black,DE,PIT,0.0,0.000562280359234674,12
Andrew Mukuba,SAF,PHI,0.0,0.000535533015631449,11
Darrick Forrest,SAF,WAS,0.0,0.000535533015631449,11
Anthony Johnson Jr.,SAF,NYG,0.0,0.000535533015631449,11
AJ Finley,SAF,LAC,0.0,0.000535533015631449,11
Kendall Williamson,SAF,LAC,0.0,0.000535533015631449,11
Kitan Crawford,SAF,ARI,0.0,0.000535533015631449,11
Matt Dickerson,DE,JAX,0.0,0.0005326866561170595,13
DeMarvin Leal,DE,PIT,0.0,0.0005326866561170595,13
Janarius Robinson,DE,LV,0.0,0.0005326866561170595,13
Cedric Johnson,DE,CIN,0.0,0.0005326866561170595,13
Braiden McGregor,DE,NYJ,0.0,0.0005060523233112066,14
Keondre Coburn,DE,TEN,0.0,0.0005060523233112066,14
Shaq Lawson,DE,BUF,0.0,0.0005060523233112066,14
Eric Watts,DE,NYJ,0.0,0.0005060523233112066,14
Elijah Garcia,DE,ATL,0.0,0.0005060523233112066,14
Joey Blount,SAF,ARI,0.0,0.0005057811814297017,12
Donovan McMillon,SAF,CLE,0.0,0.0005057811814297017,12
Marshawn Kneeland,DE,DAL,0.0,0.0004819545936297205,15
Rasheem Green,DE,CHI,0.0,0.0004819545936297205,15
John Cominsky,DE,DET,0.0,0.0004819545936297205,15
Patrick Johnson,DE,PHI,0.0,0.0004819545936297205,15
Julian Okwara,DE,ARI,0.0,0.0004819545936297205,15
James Pearce Jr.,DE,ATL,0.0,0.0004819545936297205,15
Mike Morris,DE,SEA,0.0,0.0004819545936297205,15
Marques Sigle,SAF,SF,0.0,0.0004791611192491911,13
Jerrick Reed II,SAF,TEN,0.0,0.0004791611192491911,13
Ty Zentner,P,LA,0.0,0.0004653478759292177,10
Desjuan Johnson,DE,LA,0.0,0.0004600475666465514,16
LaCale London,DE,ATL,0.0,0.0004600475666465514,16
Payton Turner,DE,NO,0.0,0.0004600475666465514,16
Ashton Gillotte,DE,KC,0.0,0.0004600475666465514,16
Brandon Dorlus,DE,ATL,0.0,0.0004600475666465514,16
Carl Lawson,DE,BAL,0.0,0.0004600475666465514,16
Isaiah Foskey,DE,CIN,0.0,0.0004600475666465514,16
Nick Emmanwori,SAF,SEA,0.0,0.0004552030632867316,14
Rayuan Lane III,SAF,JAX,0.0,0.0004552030632867316,14
Demani Richardson,SAF,CAR,0.0,0.0004552030632867316,14
Tanoh Kpassagnon,DE,CHI,0.0,0.00044004549853148396,17
Robert Beal Jr.,DE,SF,0.0,0.00044004549853148396,17
Lathan Ransom,SAF,CAR,0.0,0.00043352672693974434,15
Dante Trader Jr.,SAF,MIA,0.0,0.00043352672693974434,15
Jerry Hughes,DE,HOU,0.0,0.0004217102694260055,18
Jonas Sanker,SAF,NO,0.0,0.0004138209666243014,16
Pat O'Donnell,P,ARI,0.0,0.00041364255638152677,12
L.J. Collier,DE,ARI,0.0,0.00040484185864896527,19
Russ Yeast,SAF,HOU,0.0,0.0003958287506841144,17
Xavier Watts,SAF,ATL,0.0,0.0003958287506841144,17
Terrell Burgess,SAF,NO,0.0,0.0003958287506841144,17
Malaki Starks,SAF,BAL,0.0,0.0003958287506841144,17
Craig Woodson,SAF,NE,0.0,0.0003958287506841144,17
Damar Hamlin,SAF,BUF,0.0,0.0003958287506841144,17
Jackson Woodard,LB,MIA,0.0,0.00039223759665748615,1
William Kwenkeu,LB,BAL,0.0,0.00039223759665748615,1
Adetokunbo Ogundeji,LB,PIT,0.0,0.00039223759665748615,1
Ethan Downs,LB,KC,0.0,0.00039223759665748615,1
Mohamed Kamara,LB,MIA,0.0,0.00039223759665748615,1
Chance Campbell,LB,TEN,0.0,0.00039223759665748615,1
De'Jon Harris,LB,WAS,0.0,0.00039223759665748615,1
Jose Ramirez,LB,TB,0.0,0.00039223759665748615,1
Collin Oliver,LB,GB,0.0,0.00039223759665748615,1
Dallas Gant,LB,PHI,0.0,0.00039223759665748615,1
Jamon Johnson,LB,GB,0.0,0.00039223759665748615,1
Jamie Sheriff,LB,SEA,0.0,0.00039223759665748615,1
Kenny Dyson,LB,CAR,0.0,0.00039223759665748615,1
Bradyn Swinson,LB,NE,0.0,0.00039223759665748615,1
Jackson Sirmon,LB,NYJ,0.0,0.00039223759665748615,1
Brandon Smith,LB,PHI,0.0,0.00039223759665748615,1
Dyontae Johnson,LB,NYG,0.0,0.00039223759665748615,1
Arron Mosby,DE,GB,0.0,0.00038927101793169737,20
Pat O'Connor,DE,DET,0.0,0.00038927101793169737,20
Jowon Briggs,DE,NYJ,0.0,0.00038927101793169737,20
Nick Thurman,DE,CAR,0.0,0.00038927101793169737,20
DeMarcco Hellams,SAF,ATL,0.0,0.00037933588607227633,18
Ty Okada,SAF,SEA,0.0,0.00037933588607227633,18
James Smith-Williams,DE,ATL,0.0,0.00037485357282311595,21
Yannick Ngakoue,DE,BAL,0.0,0.00037485357282311595,21
JL Skinner,SAF,DEN,0.0,0.0003641624506293853,19
M.J. Stewart,SAF,HOU,0.0,0.0003641624506293853,19
DJ Johnson,DE,CAR,0.0,0.0003614659452222904,22
Dominique Robinson,DE,CHI,0.0,0.0003614659452222904,22
Adam Gotsis,DE,TB,0.0,0.0003614659452222904,22
Pressley Harvin III,P,PIT,0.0,0.00035455076261273725,15
Jimmie Ward,SAF,HOU,0.0,0.0003501562025282551,20
Joshua Paschal,DE,DET,0.0,0.0003490016022835907,23
Quinton Jefferson,DE,BUF,0.0,0.0003490016022835907,23
Isaiahh Loudermilk,DE,PIT,0.0,0.0003490016022835907,23
Austin Booker,DE,CHI,0.0,0.0003490016022835907,23
Charlie Thomas,LB,CLE,0.0,0.00034320789707530043,2
Jabril Cox,LB,WAS,0.0,0.00034320789707530043,2
Nick Jackson,LB,TB,0.0,0.00034320789707530043,2
Gabriel Murphy,LB,MIN,0.0,0.00034320789707530043,2
Myjai Sanders,LB,HOU,0.0,0.00034320789707530043,2
Elerson G. Smith,LB,CLE,0.0,0.00034320789707530043,2
Chandler Martin,LB,BAL,0.0,0.00034320789707530043,2
Ja'Markis Weston,LB,NYJ,0.0,0.00034320789707530043,2
Malik Jefferson,LB,DAL,0.0,0.00034320789707530043,2
Kyle Kennard,LB,LAC,0.0,0.00034320789707530043,2
Melvin Ingram,LB,MIA,0.0,0.00034320789707530043,2
Edefuan Ulofoshio,LB,BUF,0.0,0.00034320789707530043,2
Calvin Munson,LB,MIA,0.0,0.00034320789707530043,2
Joe Jones,LB,TEN,0.0,0.00034320789707530043,2
Tanner Muse,LB,JAX,0.0,0.00034320789707530043,2
Bruce Irvin,LB,DET,0.0,0.00034320789707530043,2
Cameron Sample,DE,CIN,0.0,0.0003373682155408044,24
Daniel Hardy,DE,CHI,0.0,0.0003373682155408044,24
Brandon Graham,DE,PHI,0.0,0.0003373682155408044,24
Felix Anudike-Uzomah,DE,KC,0.0,0.0003373682155408044,24
DeShawn Williams,DE,CAR,0.0,0.0003373682155408044,24
Casey Toohill,DE,BUF,0.0,0.0003264853698781978,25
Morgan Fox,DE,LAC,0.0,0.0003264853698781978,25
Dadrion Taylor-Demerson,SAF,ARI,0.0,0.00032514504520480826,22
Mike Brown,SAF,TEN,0.0,0.00032514504520480826,22
Thomas Harper,SAF,DET,0.0,0.00032514504520480826,22
Lou Hedley,P,NO,0.0,0.0003237202615159775,17
Jeremy Crawshaw,P,DEN,0.0,0.0003237202615159775,17
Kai Kroeger,P,NO,0.0,0.0003237202615159775,17
Jaylen Harrell,DE,TEN,0.0,0.00031628270206950413,26
Yetur Gross-Matos,DE,SF,0.0,0.00031628270206950413,26
Ar'Darius Washington,SAF,BAL,0.0,0.00031393314709429764,23
Brad Robbins,P,BUF,0.0,0.0003102319172861451,18
Charles Snowden,DE,LV,0.0,0.00030669837776436764,27
Kentavius Street,DE,ATL,0.0,0.00030669837776436764,27
Mitchell Agude,LB,DET,0.0,0.00030507368628915593,3
Andre Carter II,LB,LV,0.0,0.00030507368628915593,3
Adisa Isaac,LB,BAL,0.0,0.00030507368628915593,3
Darius Harris,LB,NE,0.0,0.00030507368628915593,3
Curtis Jacobs,LB,NE,0.0,0.00030507368628915593,3
Ruben Hyppolite II,LB,CHI,0.0,0.00030507368628915593,3
JoJo Domann,LB,TEN,0.0,0.00030507368628915593,3
Keonta Jenkins,LB,BUF,0.0,0.00030507368628915593,3
DeMarquis Gates,LB,CHI,0.0,0.00030507368628915593,3
Malik Reed,LB,LV,0.0,0.00030507368628915593,3
Antonio Grier Jr.,LB,TB,0.0,0.00030507368628915593,3
Levelle Bailey,LB,DEN,0.0,0.00030507368628915593,3
Ale Kaho,LB,WAS,0.0,0.00030507368628915593,3
Andrew Farmer,LB,LAC,0.0,0.00030507368628915593,3
K'Von Wallace,SAF,HOU,0.0,0.00030346870885782106,24
Chuck Clark,SAF,PIT,0.0,0.0002936793956688591,25
Daniel Thomas,SAF,DET,0.0,0.0002936793956688591,25
Richie Grant,SAF,NE,0.0,0.0002936793956688591,25
Lonnie Johnson,SAF,LV,0.0,0.0002936793956688591,25
Kaevon Merriweather,SAF,HOU,0.0,0.0002936793956688591,25
Tyler Lacy,DE,DET,0.0,0.00028917275617783235,29
Tyler Davis,DE,LA,0.0,0.00028917275617783235,29
Cameron Thomas,DE,CLE,0.0,0.00028917275617783235,29
Ifeatu Melifonwu,SAF,MIA,0.0,0.00028450191455420726,26
Zayne Anderson,SAF,GB,0.0,0.00028450191455420726,26
Tyler Nubin,SAF,NYG,0.0,0.00028450191455420726,26
Evan Williams,SAF,GB,0.0,0.00028450191455420726,26
Devon Key,SAF,DEN,0.0,0.00028450191455420726,26
Alex Wright,DE,CLE,0.0,0.000281140179617337,30
Malcolm Koonce,DE,LV,0.0,0.000281140179617337,30
Laiatu Latu,DE,IND,0.0,0.000281140179617337,30
Isaiah McGuire,DE,CLE,0.0,0.000281140179617337,30
Dawuane Smoot,DE,JAX,0.0,0.000281140179617337,30
Miles Killebrew,SAF,PIT,0.0,0.00027588064441620095,27
Malik Mustapha,SAF,SF,0.0,0.00027588064441620095,27
Mike Edwards,SAF,KC,0.0,0.00027588064441620095,27
Tycen Anderson,SAF,CIN,0.0,0.00027588064441620095,27
Jay Ward,SAF,MIN,0.0,0.00027588064441620095,27
Jake Camarda,P,TB,0.0,0.0002757617042543512,21
Karene Reid,LB,DEN,0.0,0.0002745663176602403,4
Kain Medrano,LB,WAS,0.0,0.0002745663176602403,4
Oshane Ximines,LB,NE,0.0,0.0002745663176602403,4
Andre Smith,LB,ATL,0.0,0.0002745663176602403,4
Jordan Turner,LB,DEN,0.0,0.0002745663176602403,4
Nick Martin,LB,SF,0.0,0.0002745663176602403,4
Cole Christiansen,LB,KC,0.0,0.0002745663176602403,4
Connor O'Toole,LB,SEA,0.0,0.0002745663176602403,4
Vi Jones,LB,TB,0.0,0.0002745663176602403,4
Deatrich Wise,DE,WAS,0.0,0.000273541796384436,31
Samson Ebukam,DE,IND,0.0,0.000273541796384436,31
Charles Omenihu,DE,KC,0.0,0.000273541796384436,31
Jonah Williams,DE,NO,0.0,0.000273541796384436,31
Jordan Fuller,SAF,ATL,0.0,0.0002677665078157245,28
D'Anthony Bell,SAF,SEA,0.0,0.0002677665078157245,28
Jacob Martin,DE,WAS,0.0,0.00026634332805852977,32
Will Harris,SAF,WAS,0.0,0.0002601160361638466,29
Isaiah Simmons,SAF,CAR,0.0,0.0002601160361638466,29
Marcus Epps,SAF,PHI,0.0,0.0002601160361638466,29
Mario Edwards,DE,HOU,0.0,0.00025951401195446495,33
Nick Bosa,DE,SF,0.0,0.00025951401195446495,33
Dylan Horton,DE,HOU,0.0,0.00025951401195446495,33
DeMarcus Walker,DE,WAS,0.0,0.00025951401195446495,33
Tyquan Lewis,DE,IND,0.0,0.00025951401195446495,33
Jermaine Johnson II,DE,NYJ,0.0,0.00025951401195446495,33
Jared Verse,DE,LA,0.0,0.0002530261616556033,34
Tershawn Wharton,DE,CAR,0.0,0.0002530261616556033,34
Darrell Taylor,DE,HOU,0.0,0.0002530261616556033,34
Cole Bishop,SAF,BUF,0.0,0.00025289059071485087,30
Juan Thornhill,SAF,PIT,0.0,0.00025289059071485087,30
Devin Harper,LB,CIN,0.0,0.0002496057433274912,5
Blake Lynch,LB,KC,0.0,0.0002496057433274912,5
Chaz Chambliss,LB,MIN,0.0,0.0002496057433274912,5
Swayze Bozeman,LB,NYG,0.0,0.0002496057433274912,5
Dylan Cole,LB,CHI,0.0,0.0002496057433274912,5
Emmanuel Ogbah,DE,JAX,0.0,0.00024685479185912516,35
Brent Urban,DE,BAL,0.0,0.00024685479185912516,35
Joey Bosa,DE,BUF,0.0,0.00024685479185912516,35
Clelin Ferrell,DE,LAC,0.0,0.00024685479185912516,35
Zach Harrison,DE,ATL,0.0,0.00024685479185912516,35
Colby Wooden,DE,GB,0.0,0.00024685479185912516,35
Javon Bullard,SAF,GB,0.0,0.0002460557098847198,31
Za'Darius Smith,DE,PHI,0.0,0.00024097729681486025,36
Da'Shawn Hand,DE,LAC,0.0,0.00024097729681486025,36
Trenton Gill,P,TB,0.0,0.00024017954886669299,25
Kamren Kinchens,SAF,LA,0.0,0.00023958055962459556,32
C.J. Gardner-Johnson,SAF,CHI,0.0,0.00023958055962459556,32
Julian Blackmon,SAF,NO,0.0,0.00023958055962459556,32
Sam Franklin Jr.,SAF,BUF,0.0,0.00023958055962459556,32
Darnell Savage,SAF,BUF,0.0,0.00023343746835217006,33
Elijah Hicks,SAF,CHI,0.0,0.00023343746835217006,33
Jaylen McCollough,SAF,LA,0.0,0.00023343746835217006,33
Calen Bullock,SAF,HOU,0.0,0.00023343746835217006,33
Myles Murphy,DE,CIN,0.0,0.0002300237833232757,38
Derek Barnett,DE,HOU,0.0,0.0002300237833232757,38
Bryce Huff,DE,SF,0.0,0.0002300237833232757,38
Dorance Armstrong,DE,WAS,0.0,0.0002300237833232757,38
Joe Tryon-Shoyinka,DE,CHI,0.0,0.0002300237833232757,38
Frank Clark,LB,DEN,0.0,0.00022880526471686695,6
Eku Leota,LB,NO,0.0,0.00022880526471686695,6
Anthony Pittman,LB,DET,0.0,0.00022880526471686695,6
Ochaun Mathis,LB,NE,0.0,0.00022880526471686695,6
Cody Lindenberg,LB,LV,0.0,0.00022880526471686695,6
Jack Kiser,LB,JAX,0.0,0.00022880526471686695,6
Que Robinson,LB,DEN,0.0,0.00022880526471686695,6
Zach VanValkenburg,LB,LA,0.0,0.00022880526471686695,6
Brennan Jackson,LB,LV,0.0,0.00022880526471686695,6
Talanoa Hufanga,SAF,DEN,0.0,0.0002276015316433658,34
Brenden Schooler,SAF,NE,0.0,0.0002276015316433658,34
Taylor Rapp,SAF,BUF,0.0,0.0002276015316433658,34
Sydney Brown,SAF,PHI,0.0,0.0002276015316433658,34
Andrew Wingard,SAF,JAX,0.0,0.0002276015316433658,34
Chauncey Golston,DE,NYG,0.0,0.0002249121436938696,39
Will McDonald IV,DE,NYJ,0.0,0.0002249121436938696,39
Aidan Hutchinson,DE,DET,0.0,0.0002249121436938696,39
DeShon Elliott,SAF,PIT,0.0,0.0002220502747740154,35
Markquese Bell,SAF,DAL,0.0,0.00021676336346987217,36
Ronnie Hickman Jr.,SAF,CLE,0.0,0.00021676336346987217,36
Jonathan Allen,DE,MIN,0.0,0.0002153414141749815,41
Keion White,DE,NE,0.0,0.0002153414141749815,41
Arden Key,DE,TEN,0.0,0.0002153414141749815,41
Joseph Ossai,DE,CIN,0.0,0.0002153414141749815,41
Dayo Odeyingbo,DE,CHI,0.0,0.0002153414141749815,41
Jaquan Brisker,SAF,CHI,0.0,0.00021172235501708446,37
Jaylinn Hawkins,SAF,NE,0.0,0.00021172235501708446,37
Khalid Kareem,LB,ATL,0.0,0.00021120485973864642,7
Tae Davis,LB,ATL,0.0,0.00021120485973864642,7
Nathaniel Watson,LB,CLE,0.0,0.00021120485973864642,7
Carter Coughlin,LB,NYG,0.0,0.00021120485973864642,7
Keir Thomas,LB,LA,0.0,0.00021120485973864642,7
Isaiah Land,LB,IND,0.0,0.00021120485973864642,7
Jay Higgins,LB,BAL,0.0,0.00021120485973864642,7
Andre Jones Jr.,LB,BUF,0.0,0.00021120485973864642,7
Austin Keys,LB,MIN,0.0,0.00021120485973864642,7
Amari Gainer,LB,LV,0.0,0.00021120485973864642,7
Jacoby Windmon,LB,CAR,0.0,0.00021120485973864642,7
Branson Combs,LB,JAX,0.0,0.00021120485973864642,7
Easton Mascarenas-Arnold,LB,CLE,0.0,0.00021120485973864642,7
Ronnie Perkins,LB,DEN,0.0,0.00021120485973864642,7
Tyree Wilson,DE,LV,0.0,0.00021085513471300274,42
Jadeveon Clowney,DE,DAL,0.0,0.00021085513471300274,42
Leonard Floyd,DE,ATL,0.0,0.00021085513471300274,42
Chase Young,DE,NO,0.0,0.00021085513471300274,42
Dante Fowler Jr.,DE,DAL,0.0,0.00021085513471300274,42
Mason Crosby,K,NYG,0.0,0.00021008403361344542,3
Ben Sauls,K,NYG,0.0,0.00021008403361344542,3
Kerby Joseph,SAF,DET,0.0,0.0002069104833121507,38
Jordan Howden,SAF,NO,0.0,0.0002069104833121507,38
Logan Hall,DE,TB,0.0,0.00020655196869845166,43
Micheal Clemons,DE,NYJ,0.0,0.00020655196869845166,43
Arik Armstead,DE,JAX,0.0,0.00020655196869845166,43
John Franklin-Myers,DE,DEN,0.0,0.00020242092932448263,44
Cameron Heyward,DE,PIT,0.0,0.00020242092932448263,44
Solomon Thomas,DE,DAL,0.0,0.00020242092932448263,44
Maxx Crosby,DE,LV,0.0,0.00020242092932448263,44
Andre Cisco,SAF,NYJ,0.0,0.0002023124725718807,39
Nick Scott,SAF,CAR,0.0,0.0002023124725718807,39
Christian Izien,SAF,TB,0.0,0.0002023124725718807,39
Tony Adams,SAF,NYJ,0.0,0.0002023124725718807,39
Shelby Harris,DE,CLE,0.0,0.0001984518914945908,45
Preston Smith,DE,WAS,0.0,0.0001984518914945908,45
Will Anderson Jr.,DE,HOU,0.0,0.0001984518914945908,45
Roy Robertson-Harris,DE,NYG,0.0,0.0001984518914945908,45
Jonathan Owens,SAF,CHI,0.0,0.0001979143753420572,40
Jevon Holland,SAF,NYG,0.0,0.0001979143753420572,40
Brandon Jones,SAF,DEN,0.0,0.0001979143753420572,40
Jalen Pitre,SAF,HOU,0.0,0.0001979143753420572,40
Quentin Lake,SAF,LA,0.0,0.0001979143753420572,40
Shaquille Quarterman,LB,LAC,0.0,0.00019611879832874307,8
Josh Ross,LB,BAL,0.0,0.00019611879832874307,8
Jalen Graham,LB,SF,0.0,0.00019611879832874307,8
Zaire Barnes,LB,NYG,0.0,0.00019611879832874307,8
Patrick O'Connell,LB,SEA,0.0,0.00019611879832874307,8
John Bullock,LB,TB,0.0,0.00019611879832874307,8
Tyus Bowser,LB,MIA,0.0,0.00019611879832874307,8
Smael Mondon Jr.,LB,PHI,0.0,0.00019611879832874307,8
Troy Andersen,LB,ATL,0.0,0.00019611879832874307,8
Chandler Wooten,LB,CAR,0.0,0.00019611879832874307,8
Jeffrey Bassa,LB,KC,0.0,0.00019611879832874307,8
Ryan Rehkow,P,CIN,0.0,0.00019593594775967058,32
Kwity Paye,DE,IND,0.0,0.00019463550896584868,46
Dalvin Tomlinson,DE,ARI,0.0,0.00019463550896584868,46
Boye Mafe,DE,SEA,0.0,0.00019463550896584868,46
Jonathan Bullard,DE,NO,0.0,0.00019096314087215343,47
Myles Garrett,DE,CLE,0.0,0.00019096314087215343,47
Corliss Waitman,P,PIT,0.0,0.00019091194909916622,33
Percy Butler,SAF,WAS,0.0,0.00018966794303613816,42
Jeremy Chinn,SAF,LV,0.0,0.00018966794303613816,42
Ji'Ayir Brown,SAF,SF,0.0,0.00018966794303613816,42
Antoine Winfield Jr.,SAF,TB,0.0,0.00018966794303613816,42
Alohi Gilman,SAF,BAL,0.0,0.00018966794303613816,42
Chris Jones,DE,KC,0.0,0.00018742678641155798,48
Leonard Williams,DE,SEA,0.0,0.00018742678641155798,48
Travon Walker,DE,JAX,0.0,0.00018742678641155798,48
George Karlaftis,DE,KC,0.0,0.00018742678641155798,48
Nathan Shepherd,DE,NO,0.0,0.00018742678641155798,48
Matt Araiza,P,KC,0.0,0.00018613915037168707,34
Tory Taylor,P,CHI,0.0,0.00018613915037168707,34
Antonio Johnson,SAF,JAX,0.0,0.00018579716868846188,43
Danielle Hunter,DE,HOU,0.0,0.00018401902665862057,49
Montez Sweat,DE,CHI,0.0,0.00018401902665862057,49
B.J. Hill,DE,CIN,0.0,0.00018401902665862057,49
Zach Sieler,DE,MIA,0.0,0.00018401902665862057,49
Kobe King,LB,MIN,0.0,0.00018304421177349356,9
Justin Hollins,LB,GB,0.0,0.00018304421177349356,9
Cameron Brown,LB,NYG,0.0,0.00018304421177349356,9
Cameron McGrone,LB,IND,0.0,0.00018304421177349356,9
Carl Jones,LB,BAL,0.0,0.00018304421177349356,9
Marquis Haynes,LB,CAR,0.0,0.00018304421177349356,9
Garret Wallow,LB,DEN,0.0,0.00018304421177349356,9
Tyler Batty,LB,MIN,0.0,0.00018304421177349356,9
Curtis Bolton,LB,LV,0.0,0.00018304421177349356,9
Markus Bailey,LB,CIN,0.0,0.00018304421177349356,9
Josh Hines-Allen,DE,JAX,0.0,0.0001807329726111452,50
Kobie Turner,DE,LA,0.0,0.0001807329726111452,50
Calais Campbell,DE,ARI,0.0,0.0001807329726111452,50
Zach Allen,DE,DEN,0.0,0.0001807329726111452,50
Carl Granderson,DE,NO,0.0,0.0001807329726111452,50
Jordan Battle,SAF,CIN,0.0,0.00017851100521048296,45
Jason Pinnock,SAF,SF,0.0,0.00017851100521048296,45
Bryan Cook,SAF,KC,0.0,0.00017851100521048296,45
Reed Blankenship,SAF,PHI,0.0,0.00017507810126412754,46
Kyle Dugger,SAF,NE,0.0,0.00017507810126412754,46
Grant Delpit,SAF,CLE,0.0,0.00017507810126412754,46
Matt Ammendola,K,HOU,0.0,0.00017188693659281898,5
Jude McAtamney,K,NYG,0.0,0.00017188693659281898,5
Donovan Wilson,SAF,DAL,0.0,0.0001717747408629176,47
Nick Cross,SAF,IND,0.0,0.0001717747408629176,47
Quan Martin,SAF,WAS,0.0,0.0001717747408629176,47
Xavier Thomas,LB,ARI,0.0,0.00017160394853765022,10
Jaylon Carlies,LB,IND,0.0,0.00017160394853765022,10
Anfernee Orji,LB,NO,0.0,0.00017160394853765022,10
Junior Colson,LB,LAC,0.0,0.00017160394853765022,10
Rashad Weaver,LB,TEN,0.0,0.00017160394853765022,10
Otis Reese,LB,TEN,0.0,0.00017160394853765022,10
Dorian Mausi,LB,TEN,0.0,0.00017160394853765022,10
Mitch Wishnowsky,P,BUF,0.0,0.0001692174094288064,38
Josh Metellus,SAF,MIN,0.0,0.00016859372714323392,48
Kyle Hamilton,SAF,BAL,0.0,0.00016859372714323392,48
Geno Stone,SAF,CIN,0.0,0.00016552838664972056,49
Kam Curl,SAF,LA,0.0,0.00016552838664972056,49
Tre'von Moehrig,SAF,CAR,0.0,0.00016257252260240413,50
Xavier McKinney,SAF,GB,0.0,0.00016257252260240413,50
Marcelino McCrary-Ball,LB,NYJ,0.0,0.0001615095986236708,11
Tony Fields II,LB,CLE,0.0,0.0001615095986236708,11
Jaylan Ford,LB,NO,0.0,0.0001615095986236708,11
Cooper McDonald,LB,KC,0.0,0.0001615095986236708,11
Caleb Murphy,LB,LAC,0.0,0.0001615095986236708,11
Jamal Hill,LB,HOU,0.0,0.0001615095986236708,11
Markus Golden,LB,PIT,0.0,0.0001615095986236708,11
Winston Reid,LB,CLE,0.0,0.0001615095986236708,11
Bam Martin-Scott,LB,CAR,0.0,0.0001615095986236708,11
Camryn Bynum,SAF,IND,0.0,0.0001597203730830637,51
Randy Bullock,K,NYG,0.0,0.00015756302521008407,6
Cade York,K,CIN,0.0,0.00015756302521008407,6
Charlie Smyth,K,NO,0.0,0.00015756302521008407,6
Francisco Mauigoa,LB,NYJ,0.0,0.00015253684314457796,12
Joe Giles-Harris,LB,CIN,0.0,0.00015253684314457796,12
Marlowe Wax,LB,LAC,0.0,0.00015253684314457796,12
Carson Bruener,LB,PIT,0.0,0.00015253684314457796,12
Monty Rice,LB,DET,0.0,0.00015253684314457796,12
Markees Watts,LB,TB,0.0,0.00015253684314457796,12
Javontae Jean-Baptiste,LB,WAS,0.0,0.00015253684314457796,12
Channing Tindall,LB,ARI,0.0,0.00015253684314457796,12
Shaka Heyward,LB,CIN,0.0,0.00015253684314457796,12
Ben Niemann,LB,DET,0.0,0.00015253684314457796,12
Ty Summers,LB,DET,0.0,0.00015253684314457796,12
Shaun Dolac,LB,LA,0.0,0.00015253684314457796,12
Nephi Sewell,LB,NO,0.0,0.00015253684314457796,12
Brayden Narveson,K,GB,0.0,0.00014544279250161608,7
Bo Richter,LB,MIN,0.0,0.00014450858824223176,13
Austin Ajiake,LB,IND,0.0,0.00014450858824223176,13
Amari Burney,LB,LV,0.0,0.00014450858824223176,13
Jordan Burch,LB,ARI,0.0,0.00014450858824223176,13
Randy Gregory,LB,DEN,0.0,0.00014450858824223176,13
Daniel Whelan,P,GB,0.0,0.0001404823776390091,47
Carlos Basham,LB,CAR,0.0,0.00013728315883012015,14
Jalon Walker,LB,ATL,0.0,0.00013728315883012015,14
Cody Simon,LB,ARI,0.0,0.00013728315883012015,14
Caleb Johnson,LB,MIA,0.0,0.00013728315883012015,14
Buddy Johnson,LB,IND,0.0,0.00013728315883012015,14
Nick Hampton,LB,LA,0.0,0.00013728315883012015,14
Amare Barno,LB,CAR,0.0,0.00013728315883012015,14
Jeremiah Moon,LB,PIT,0.0,0.00013728315883012015,14
Drew Sanders,LB,DEN,0.0,0.00013728315883012015,14
Trevis Gipson,LB,CAR,0.0,0.00013728315883012015,14
Brian Asamoah II,LB,MIN,0.0,0.00013728315883012015,14
Elijah Ponder,LB,NE,0.0,0.00013728315883012015,14
Teddye Buchanan,LB,BAL,0.0,0.00013728315883012015,14
Shemar James,LB,DAL,0.0,0.00013728315883012015,14
Princely Umanmielen,LB,CAR,0.0,0.00013728315883012015,14
Curtis Robinson,LB,SF,0.0,0.00013728315883012015,14
Tomon Fox,LB,NYG,0.0,0.00013728315883012015,14
Tress Way,P,WAS,0.0,0.00013537392754304513,49
Michael Dickson,P,SEA,0.0,0.00013537392754304513,49
Brett Maher,K,LA,0.0,0.0001350540216086435,8
Bradley Pinion,P,ATL,0.0,0.00013295653597977648,50
Corey Bojorquez,P,CLE,0.0,0.00013295653597977648,50
Ethan Evans,P,LA,0.0,0.00013295653597977648,50
Jake Bailey,P,MIA,0.0,0.00013295653597977648,50
Josaiah Stewart,LB,LA,0.0,0.00013074586555249538,15
Sam Eguavoen,LB,NYJ,0.0,0.00013074586555249538,15
Luke Masterson,LB,LV,0.0,0.00013074586555249538,15
Joe Bachie,LB,IND,0.0,0.00013074586555249538,15
Nic Scourton,LB,CAR,0.0,0.00013074586555249538,15
Isaiah Stalbird,LB,NO,0.0,0.00013074586555249538,15
Baylon Spector,LB,BUF,0.0,0.00013074586555249538,15
Abdul Carter,LB,NYG,0.0,0.00013074586555249538,15
Sam Martin,P,CAR,0.0,0.00013062396517311373,51
Ryan Wright,P,MIN,0.0,0.00013062396517311373,51
Bryce Baringer,P,NE,0.0,0.00013062396517311373,51
Jordan Stout,P,BAL,0.0,0.00013062396517311373,51
Harrison Mevis,K,LA,0.0,0.00012605042016806725,9
Spencer Shrader,K,IND,0.0,0.00012605042016806725,9
Jihaad Campbell,LB,PHI,0.0,0.0001248028716637456,16
Cam Gill,LB,CAR,0.0,0.0001248028716637456,16
Quinton Bell,LB,MIA,0.0,0.0001248028716637456,16
Jack Sawyer,LB,PIT,0.0,0.0001248028716637456,16
Carson Schwesinger,LB,CLE,0.0,0.0001248028716637456,16
Danny Stutsman,LB,NO,0.0,0.0001248028716637456,16
Charles Harris,LB,CAR,0.0,0.0001248028716637456,16
Tatum Bethune,LB,SF,0.0,0.0001248028716637456,16
Barrett Carter,LB,CIN,0.0,0.0001248028716637456,16
Donovan Ezeiruaku,LB,DAL,0.0,0.0001193766598522784,17
JD Bertrand,LB,ATL,0.0,0.0001193766598522784,17
Nicholas Morrow,LB,BUF,0.0,0.0001193766598522784,17
Shaquil Barrett,LB,TB,0.0,0.0001193766598522784,17
Ja'Whaun Bentley,LB,NE,0.0,0.0001193766598522784,17
Ronnie Harrison,LB,ATL,0.0,0.0001193766598522784,17
Mike Green,LB,BAL,0.0,0.0001193766598522784,17
Demetrius Knight Jr.,LB,CIN,0.0,0.0001193766598522784,17
Austin Seibert,K,WAS,0.0,0.00011817226890756305,10
Matthew Wright,K,HOU,0.0,0.00011817226890756305,10
Javon Solomon,LB,BUF,0.0,0.00011440263235843347,18
Kristian Welch,LB,GB,0.0,0.00011440263235843347,18
Cam Jones,LB,NYJ,0.0,0.00011440263235843347,18
Yasir Abdullah,LB,JAX,0.0,0.00011440263235843347,18
Amen Ogbongbemiga,LB,CHI,0.0,0.00011440263235843347,18
Marquise Blair,DB,SEA,0.0,0.00011435502035865894,1
Sean Chandler,DB,WAS,0.0,0.00011435502035865894,1
Craig James,DB,NYJ,0.0,0.00011435502035865894,1
Kobee Minor,DB,NE,0.0,0.00011435502035865894,1
Cam'Ron Silmon-Craig,DB,JAX,0.0,0.00011435502035865894,1
Chigozie Anusiem,DB,LV,0.0,0.00011435502035865894,1
Bralyn Lux,DB,CIN,0.0,0.00011435502035865894,1
Cam Lampkin,DB,LA,0.0,0.00011435502035865894,1
Jalen Elliott,DB,PIT,0.0,0.00011435502035865894,1
Emmanuel Moseley,DB,DET,0.0,0.00011435502035865894,1
Morice Norris Jr.,DB,DET,0.0,0.00011435502035865894,1
Tae Hayes,DB,NYJ,0.0,0.00011435502035865894,1
Vincent Gray,DB,CLE,0.0,0.00011435502035865894,1
Tevaughn Campbell,DB,JAX,0.0,0.00011435502035865894,1
John Parker Romo,K,ATL,0.0,0.00011122095897182405,11
Maema Njongmeta,LB,CAR,0.0,0.00010982652706409613,19
BJ Ojulari,LB,ARI,0.0,0.00010982652706409613,19
Jesse Luketa,LB,ARI,0.0,0.00010982652706409613,19
Josh Woods,LB,ATL,0.0,0.00010982652706409613,19
Tyrus Wheat,LB,DET,0.0,0.00010982652706409613,19
DeMarvion Overshown,LB,DAL,0.0,0.00010982652706409613,19
Claudin Cherelus,LB,CAR,0.0,0.00010982652706409613,19
Cole Holcomb,LB,PIT,0.0,0.00010982652706409613,19
James Williams,LB,TEN,0.0,0.00010982652706409613,19
Chad Muma,LB,IND,0.0,0.00010982652706409613,19
Cameron Goode,LB,MIA,0.0,0.00010560242986932321,20
Al-Quadin Muhammad,LB,DET,0.0,0.00010560242986932321,20
Jordan Magee,LB,WAS,0.0,0.00010560242986932321,20
Khaleke Hudson,LB,CLE,0.0,0.00010560242986932321,20
Ty'Ron Hopper,LB,GB,0.0,0.00010560242986932321,20
Lucas Havrisik,K,GB,0.0,0.00010504201680672271,12
Chris Rumph II,LB,NO,0.0,0.00010169122876305197,21
Azeez Ojulari,LB,PHI,0.0,0.00010169122876305197,21
Brandon Johnson,DB,PHI,0.0,0.00010006064281382657,2
Zion Childress,DB,DAL,0.0,0.00010006064281382657,2
Jaylin Williams,DB,MIN,0.0,0.00010006064281382657,2
Millard Bradford,DB,NO,0.0,0.00010006064281382657,2
Cornell Armstrong,DB,MIA,0.0,0.00010006064281382657,2
Jaden Davis,DB,ARI,0.0,0.00010006064281382657,2
Reese Taylor,DB,DEN,0.0,0.00010006064281382657,2
Brandon Facyson,DB,LV,0.0,0.00010006064281382657,2
Mike Badgley,K,BUF,0.0,9.951348960636888e-05,13
DeAngelo Malone,LB,ATL,0.0,9.805939916437154e-05,22
Jamin Davis,LB,LV,0.0,9.805939916437154e-05,22
Cedric Gray,LB,TEN,0.0,9.805939916437154e-05,22
Tommy Eichenberg,LB,LV,0.0,9.805939916437154e-05,22
Demetrius Flannigan-Fowles,LB,NYG,0.0,9.805939916437154e-05,22
Joe Andreessen,LB,BUF,0.0,9.805939916437154e-05,22
Mark Robinson,LB,NE,0.0,9.467804057249666e-05,23
Thomas Incoom,LB,CAR,0.0,9.467804057249666e-05,23
James Houston,LB,DAL,0.0,9.467804057249666e-05,23
Victor Dimukeje,LB,NYG,0.0,9.467804057249666e-05,23
Trevor Nowaske,LB,DET,0.0,9.467804057249666e-05,23
Chris Board,LB,NYG,0.0,9.467804057249666e-05,23
Darius Muasau,LB,NYG,0.0,9.467804057249666e-05,23
Jeremiah Owusu-Koramoah,LB,CLE,0.0,9.152210588674678e-05,24
Segun Olubi,LB,IND,0.0,9.152210588674678e-05,24
David Ojabo,LB,BAL,0.0,9.152210588674678e-05,24
Trevin Wallace,LB,CAR,0.0,9.152210588674678e-05,24
Jeremiah Trotter Jr.,LB,PHI,0.0,9.152210588674678e-05,24
Ogbo Okoronkwo,LB,CLE,0.0,9.152210588674678e-05,24
Noah Sewell,LB,CHI,0.0,9.152210588674678e-05,24
Nick Niemann,LB,GB,0.0,9.152210588674678e-05,24
Zane Gonzalez,K,ATL,0.0,9.003601440576233e-05,15
Quindell Johnson,DB,CHI,0.0,8.894279361229028e-05,3
Nikko Reed,DB,LAC,0.0,8.894279361229028e-05,3
Nick Whiteside,DB,DET,0.0,8.894279361229028e-05,3
Jon Rhattigan,LB,LV,0.0,8.85697798904001e-05,25
Dre Greenlaw,LB,DEN,0.0,8.85697798904001e-05,25
Chris Braswell,LB,TB,0.0,8.85697798904001e-05,25
Tyrice Knight,LB,SEA,0.0,8.580197426882511e-05,26
Jalyx Hunt,LB,PHI,0.0,8.580197426882511e-05,26
Sione Takitaki,LB,MIN,0.0,8.580197426882511e-05,26
Jack Cochrane,LB,KC,0.0,8.580197426882511e-05,26
SirVocea Dennis,LB,TB,0.0,8.580197426882511e-05,26
Christian Harris,LB,HOU,0.0,8.580197426882511e-05,26
D'Marco Jackson,LB,CHI,0.0,8.580197426882511e-05,26
Deion Jones,LB,TB,0.0,8.580197426882511e-05,26
Drake Thomas,LB,SEA,0.0,8.320191444249707e-05,27
Nick Bellore,LB,WAS,0.0,8.320191444249707e-05,27
Uchenna Nwosu,LB,SEA,0.0,8.320191444249707e-05,27
Jonah Elliss,LB,DEN,0.0,8.320191444249707e-05,27
Tyler Loop,K,BAL,0.0,8.220679576178298e-05,17
Andy Borregales,K,NE,0.0,8.220679576178298e-05,17
Ryan Fitzgerald,K,CAR,0.0,8.220679576178298e-05,17
Andre Szmyt,K,CLE,0.0,8.220679576178298e-05,17
Omar Speights,LB,LA,0.0,8.07547993118354e-05,28
Dallas Turner,LB,MIN,0.0,8.07547993118354e-05,28
Chop Robinson,LB,MIA,0.0,8.07547993118354e-05,28
Lorenzo Carter,LB,ATL,0.0,8.07547993118354e-05,28
Jaelan Phillips,LB,MIA,0.0,8.07547993118354e-05,28
Dondrea Tillman,LB,DEN,0.0,8.07547993118354e-05,28
Dallin Leavitt,DB,GB,0.0,8.004851425106125e-05,4
Kahlef Hailassie,DB,CLE,0.0,8.004851425106125e-05,4
Roderic Teamer,DB,NO,0.0,8.004851425106125e-05,4
Matthias Farley,DB,CAR,0.0,8.004851425106125e-05,4
Krys Barnes,LB,CAR,0.0,7.844751933149724e-05,29
Joshua Uche,LB,PHI,0.0,7.844751933149724e-05,29
Patrick Jones II,LB,CAR,0.0,7.844751933149724e-05,29
Chazz Surratt,LB,SEA,0.0,7.844751933149724e-05,29
Del'Shawn Phillips,LB,LAC,0.0,7.844751933149724e-05,29
Nakobe Dean,LB,PHI,0.0,7.844751933149724e-05,29
Marist Liufau,LB,DAL,0.0,7.844751933149724e-05,29
Jamal Adams,LB,LV,0.0,7.626842157228898e-05,30
Edgerrin Cooper,LB,GB,0.0,7.626842157228898e-05,30
Ventrell Miller,LB,JAX,0.0,7.626842157228898e-05,30
Luke Gifford,LB,SF,0.0,7.626842157228898e-05,30
Sam Williams,LB,DAL,0.0,7.420711288114604e-05,31
Jacob Hummel,LB,BAL,0.0,7.420711288114604e-05,31
Troy Reeder,LB,LA,0.0,7.420711288114604e-05,31
Grant Stuard,LB,DET,0.0,7.420711288114604e-05,31
Micah McFadden,LB,NYG,0.0,7.420711288114604e-05,31
Trenton Thompson,DB,PIT,0.0,7.277137659187387e-05,5
Josh Butler,DB,DAL,0.0,7.277137659187387e-05,5
Cody Davis,DB,NE,0.0,7.277137659187387e-05,5
Bobby Price,DB,WAS,0.0,7.277137659187387e-05,5
Neville Hewitt,LB,NYG,0.0,7.225429412111588e-05,32
Mykal Walker,LB,NYJ,0.0,7.040161991288214e-05,33
Payton Wilson,LB,PIT,0.0,7.040161991288214e-05,33
Michael Hoecht,LB,BUF,0.0,6.864157941506008e-05,34
Owen Pappoe,LB,ARI,0.0,6.864157941506008e-05,34
Tavius Robinson,LB,BAL,0.0,6.864157941506008e-05,34
Malik Harrison,LB,PIT,0.0,6.864157941506008e-05,34
Jake Hansen,LB,HOU,0.0,6.864157941506008e-05,34
Marte Mapu,LB,NE,0.0,6.696739455127812e-05,35
Damone Clark,LB,DAL,0.0,6.696739455127812e-05,35
Trenton Simpson,LB,BAL,0.0,6.696739455127812e-05,35
K.J. Britt,LB,MIA,0.0,6.696739455127812e-05,35
Justin Strnad,LB,DEN,0.0,6.696739455127812e-05,35
David Long,DB,IND,0.0,6.670709520921772e-05,6
Nik Needham,DB,MIA,0.0,6.670709520921772e-05,6
Matthew Jackson,DB,TEN,0.0,6.670709520921772e-05,6
DeMarcus Lawrence,LB,SEA,0.0,6.537293277624769e-05,36
Derrick Barnes,LB,DET,0.0,6.537293277624769e-05,36
Baron Browning,LB,ARI,0.0,6.537293277624769e-05,36
Alex Singleton,LB,DEN,0.0,6.537293277624769e-05,36
Graham Gano,K,NYG,0.0,6.519849319037962e-05,23
Christian Elliss,LB,NE,0.0,6.385263201400938e-05,37
Willie Gay Jr.,LB,MIA,0.0,6.385263201400938e-05,37
Jack Sanborn,LB,DAL,0.0,6.385263201400938e-05,37
Devin White,LB,LV,0.0,6.385263201400938e-05,37
Troy Dye,LB,LAC,0.0,6.385263201400938e-05,37
Mohamoud Diabate,LB,CLE,0.0,6.385263201400938e-05,37
Anders Carlson,K,NYJ,0.0,6.302521008403363e-05,24
Greg Zuerlein,K,NYJ,0.0,6.302521008403363e-05,24
Dennis Gardeck,LB,JAX,0.0,6.24014358318728e-05,38
Jack Gibbens,LB,NE,0.0,6.24014358318728e-05,38
Kayvon Thibodeaux,LB,NYG,0.0,6.24014358318728e-05,38
Mack Wilson,LB,ARI,0.0,6.24014358318728e-05,38
Tarvarius Moore,DB,CHI,0.0,6.157578019312405e-05,7
Elijah Riley,DB,PIT,0.0,6.157578019312405e-05,7
Kendall Sheffield,DB,MIA,0.0,6.157578019312405e-05,7
Kemon Hall,DB,TEN,0.0,6.157578019312405e-05,7
Danny Johnson,DB,WAS,0.0,6.157578019312405e-05,7
Lukas Van Ness,LB,GB,0.0,6.101473725783118e-05,39
Dee Winters,LB,SF,0.0,6.101473725783118e-05,39
Nick Herbig,LB,PIT,0.0,6.101473725783118e-05,39
D.J. Wonnum,LB,CAR,0.0,6.101473725783118e-05,39
Greg Joseph,K,NYG,0.0,6.099213879100028e-05,25
Joshua Karty,K,LA,0.0,6.099213879100028e-05,25
K'Lavon Chaisson,LB,NE,0.0,5.96883299261392e-05,40
Devin Bush,LB,CLE,0.0,5.96883299261392e-05,40
Michael Danna,LB,KC,0.0,5.96883299261392e-05,40
Daiyan Henley,LB,LAC,0.0,5.96883299261392e-05,40
Blake Cashman,LB,MIN,0.0,5.96883299261392e-05,40
Nolan Smith,LB,PHI,0.0,5.96883299261392e-05,40
Trey Hendrickson,LB,CIN,0.0,5.84183654596256e-05,41
Quay Walker,LB,GB,0.0,5.84183654596256e-05,41
Alex Highsmith,LB,PIT,0.0,5.84183654596256e-05,41
Nick Bolton,LB,KC,0.0,5.84183654596256e-05,41
Ivan Pace Jr.,LB,MIN,0.0,5.84183654596256e-05,41
Terrel Bernard,LB,BUF,0.0,5.7201316179216736e-05,42
Tony Brown,DB,CLE,0.0,5.717751017932947e-05,8
D'Shawn Jamison,DB,PIT,0.0,5.717751017932947e-05,8
Trikweze Bridges,DB,DAL,0.0,5.717751017932947e-05,8
Keidron Smith,DB,NYJ,0.0,5.717751017932947e-05,8
Adrian Phillips,DB,NE,0.0,5.717751017932947e-05,8
Anfernee Jennings,LB,NE,0.0,5.6033942379640886e-05,43
Micah Parsons,LB,GB,0.0,5.6033942379640886e-05,43
Logan Wilson,LB,CIN,0.0,5.6033942379640886e-05,43
Akeem Davis-Gaither,LB,ARI,0.0,5.6033942379640886e-05,43
Jonathan Greenard,LB,MIN,0.0,5.6033942379640886e-05,43
Tyrel Dodson,LB,MIA,0.0,5.4913263532048066e-05,44
Anthony Nelson,LB,TB,0.0,5.4913263532048066e-05,44
Zack Baun,LB,PHI,0.0,5.4913263532048066e-05,44
Odafe Oweh,LB,BAL,0.0,5.4913263532048066e-05,44
Isaiah McDuffie,LB,GB,0.0,5.4913263532048066e-05,44
T.J. Edwards,LB,CHI,0.0,5.4913263532048066e-05,44
Azeez Al-Shaair,LB,HOU,0.0,5.4913263532048066e-05,44
Dorian Williams,LB,BUF,0.0,5.4913263532048066e-05,44
Jihad Ward,LB,TEN,0.0,5.383653287455693e-05,45
Nate Landman,LB,LA,0.0,5.383653287455693e-05,45
E.J. Speed,LB,HOU,0.0,5.383653287455693e-05,45
A.J. Epenesa,LB,BUF,0.0,5.383653287455693e-05,45
Alijah Clark,DB,DAL,0.0,5.3365676167374175e-05,9
Micah Abernathy,DB,ATL,0.0,5.3365676167374175e-05,9
Kevin Knowles,DB,KC,0.0,5.3365676167374175e-05,9
Johnathan Edwards,DB,IND,0.0,5.3365676167374175e-05,9
Henry To'oTo'o,LB,HOU,0.0,5.2801214934661606e-05,46
Cameron Jordan,LB,NO,0.0,5.2801214934661606e-05,46
"Kenneth Murray, Jr.",LB,DAL,0.0,5.2801214934661606e-05,46
Derick Hall,LB,SEA,0.0,5.2801214934661606e-05,46
Pete Werner,LB,NO,0.0,5.2801214934661606e-05,46
Eric Wilson,LB,MIN,0.0,5.2801214934661606e-05,46
Jahlani Tavai,LB,NE,0.0,5.2801214934661606e-05,46
Devin Lloyd,LB,JAX,0.0,5.2801214934661606e-05,46
Ernest Jones,LB,SEA,0.0,5.2801214934661606e-05,46
Arnold Ebiketie,LB,ATL,0.0,5.2801214934661606e-05,46
Will Reichard,K,MIN,0.0,5.2521008403361354e-05,30
Tuli Tuipulotu,LB,LAC,0.0,5.1804965596271764e-05,47
Leo Chenal,LB,KC,0.0,5.1804965596271764e-05,47
Quincy Williams,LB,NYJ,0.0,5.1804965596271764e-05,47
Harold Landry III,LB,NE,0.0,5.1804965596271764e-05,47
Robert Spillane,LB,NE,0.0,5.1804965596271764e-05,47
Josh Sweat,LB,ARI,0.0,5.1804965596271764e-05,47
Kingsley Enagbare,LB,GB,0.0,5.1804965596271764e-05,47
Foye Oluokun,LB,JAX,0.0,5.1804965596271764e-05,47
Cody Barton,LB,TEN,0.0,5.1804965596271764e-05,47
Dustin Hopkins,K,CLE,0.0,5.1101521689757e-05,31
Christian Rozeboom,LB,CAR,0.0,5.0845614381525986e-05,48
Drue Tranquill,LB,KC,0.0,5.0845614381525986e-05,48
Yaya Diaby,LB,TB,0.0,5.0845614381525986e-05,48
Greg Rousseau,LB,BUF,0.0,5.0845614381525986e-05,48
J.C. Jackson,DB,LAC,0.0,5.0030321406913285e-05,10
Essang Bassey,DB,DEN,0.0,5.0030321406913285e-05,10
Justin Hardee,DB,TEN,0.0,5.0030321406913285e-05,10
Andre Chachere,DB,ARI,0.0,5.0030321406913285e-05,10
Johnathan Abram,DB,NO,0.0,5.0030321406913285e-05,10
Rashan Gary,LB,GB,0.0,4.992114866549824e-05,49
Jordyn Brooks,LB,MIA,0.0,4.992114866549824e-05,49
Nik Bonitto,LB,DEN,0.0,4.992114866549824e-05,49
Brian Burns,LB,NYG,0.0,4.902969958218577e-05,50
Zaven Collins,LB,ARI,0.0,4.902969958218577e-05,50
Jamien Sherwood,LB,NYJ,0.0,4.902969958218577e-05,50
Germaine Pratt,LB,IND,0.0,4.902969958218577e-05,50
Dre'Mont Jones,LB,BAL,0.0,4.902969958218577e-05,50
Jonathon Cooper,LB,DEN,0.0,4.8169529414077246e-05,51
Patrick Queen,LB,PIT,0.0,4.8169529414077246e-05,51
Byron Young,LB,LA,0.0,4.8169529414077246e-05,51
Jack Campbell,LB,DET,0.0,4.8169529414077246e-05,51
Kaden Elliss,LB,ATL,0.0,4.8169529414077246e-05,51
Frankie Luvu,LB,WAS,0.0,4.8169529414077246e-05,51
Tyler Bass,K,BUF,0.0,4.726890756302522e-05,34
Jake Bates,K,DET,0.0,4.726890756302522e-05,34
Jason Sanders,K,MIA,0.0,4.726890756302522e-05,34
Cam Little,K,JAX,0.0,4.726890756302522e-05,34
Justin Tucker,K,BAL,0.0,4.726890756302522e-05,34
DeAndre Houston-Carson,DB,BAL,0.0,4.708736132415369e-05,11
Matt Prater,K,BUF,0.0,4.501800720288116e-05,36
Caelen Carson,DB,DAL,0.0,4.447139680614514e-05,12
Desmond King,DB,BAL,0.0,4.447139680614514e-05,12
Dee Delaney,DB,TB,0.0,4.447139680614514e-05,12
Trevor Denbow,DB,IND,0.0,4.447139680614514e-05,12
Tracy Walker III,DB,DET,0.0,4.447139680614514e-05,12
Damarri Mathis,DB,DEN,0.0,4.447139680614514e-05,12
Riley Patterson,K,MIA,0.0,4.397107680281416e-05,37
Younghoe Koo,K,ATL,0.0,4.397107680281416e-05,37
John Johnson,DB,LA,0.0,4.213079697424276e-05,13
Chandon Sullivan,DB,PIT,0.0,4.213079697424276e-05,13
Jake Moody,K,CHI,0.0,4.110339788089149e-05,40
Brandon McManus,K,GB,0.0,3.939075630252102e-05,42
Chris Lammons,DB,IND,0.0,3.811834011955298e-05,15
Ryan Neal,DB,TB,0.0,3.811834011955298e-05,15
Ka'imi Fairbairn,K,HOU,0.0,3.781512605042017e-05,44
Matt Gay,K,SF,0.0,3.707365299060802e-05,45
Natrone Brooks,DB,ATL,0.0,3.6385688295936934e-05,16
Qwan'tez Stiggers,DB,NYJ,0.0,3.6385688295936934e-05,16
Evan McPherson,K,CIN,0.0,3.636069812540402e-05,46
Eddy Pineiro,K,SF,0.0,3.636069812540402e-05,46
Chad Ryland,K,ARI,0.0,3.567464721737753e-05,47
Harrison Butker,K,KC,0.0,3.567464721737753e-05,47
Nick Folk,K,NYJ,0.0,3.567464721737753e-05,47
Reddy Steward,DB,DAL,0.0,3.48037018482875e-05,17
George Odum,DB,IND,0.0,3.48037018482875e-05,17
Cairo Santos,K,CHI,0.0,3.43773873185638e-05,49
Blake Grupe,K,IND,0.0,3.376350540216087e-05,50
Joey Slye,K,TEN,0.0,3.376350540216087e-05,50
Tristin McCollum,DB,LV,0.0,3.335354760460886e-05,18
Chris Boswell,K,PIT,0.0,3.317116320212296e-05,51
Cameron Dicker,K,LAC,0.0,3.317116320212296e-05,51
Daniel Carlson,K,LV,0.0,3.317116320212296e-05,51
Jake Elliott,K,PHI,0.0,3.317116320212296e-05,51
Wil Lutz,K,DEN,0.0,3.317116320212296e-05,51
Jason Myers,K,SEA,0.0,3.317116320212296e-05,51
Chase McLaughlin,K,TB,0.0,3.317116320212296e-05,51
Tyler Owens,DB,WAS,0.0,3.20194057004245e-05,19
Corey Ballentine,DB,DAL,0.0,3.0787890096562023e-05,20
Jakorian Bennett,DB,PHI,0.0,2.8588755089664736e-05,22
Levi Wallace,DB,DEN,0.0,2.6682838083687088e-05,24
Jaylon Jones,DB,CHI,0.0,2.5822101371310083e-05,25
Elijah Campbell,DB,MIA,0.0,2.5822101371310083e-05,25
Jarvis Brownlee Jr.,DB,NYJ,0.0,2.5822101371310083e-05,25
J.T. Gray,DB,TB,0.0,2.5822101371310083e-05,25
Tykee Smith,DB,TB,0.0,2.3543680662076844e-05,28
Cameron Mitchell,DB,CLE,0.0,2.3543680662076844e-05,28
Mekhi Blackmon,DB,IND,0.0,2.223569840307257e-05,30
Mike Ford,DB,ATL,0.0,2.223569840307257e-05,30
Andru Phillips,DB,NYG,0.0,2.163473358136791e-05,31
P.J. Locke,DB,DEN,0.0,2.106539848712138e-05,32
Theo Jackson,DB,MIN,0.0,2.0525260064374682e-05,33
Jeremy Reaves,DB,WAS,0.0,2.0525260064374682e-05,33
Josh Hayes,DB,TB,0.0,2.0525260064374682e-05,33
Siran Neal,DB,SF,0.0,2.0525260064374682e-05,33
Carrington Valentine,DB,GB,0.0,1.8192844147968467e-05,38
Daxton Hill,DB,CIN,0.0,1.8192844147968467e-05,38
Jaylon Jones,DB,IND,0.0,1.7788558722458056e-05,39
Jonathan Jones,DB,WAS,0.0,1.7031598776821542e-05,41
Jalen Thompson,DB,ARI,0.0,1.5695787108051227e-05,45
Rayshawn Jenkins,DB,CLE,0.0,1.5393945048281012e-05,46
Chamarri Conner,DB,KC,0.0,1.5393945048281012e-05,46
Kwon Alexander,MLB,DEN,0.0,0.0,13
Jordan Hicks,MLB,CLE,0.0,0.0,25
Bradley Chubb,OLB,MIA,0.0,0.0,33
Justin Houston,OLB,CAR,0.0,0.0,6
Joe Cardona,LS,MIA,0.0,0.0,13
Hogan Hatten,LS,DET,0.0,0.0,6
Denzel Perryman,MLB,LAC,0.0,0.0,32
Rick Lovato,LS,PHI,0.0,0.0,4
Khalil Mack,OLB,LAC,0.0,0.0,44
Keanu Neal,S,PIT,0.0,0.0,9
Bud Dupree,OLB,LAC,0.0,0.0,41
Esa Pole,OL,KC,0.0,0.0,2
Casey Kreiter,LS,NYG,0.0,0.0,9
Budda Baker,S,ARI,0.0,0.0,45
Tucker Addington,LS,WAS,0.0,0.0,1
Jabrill Peppers,FS,PIT,0.0,0.0,28
J.J. Russell,ILB,TB,0.0,0.0,18
Bobby Okereke,ILB,NYG,0.0,0.0,46
Derrick Nnadi,NT,KC,0.0,0.0,31
Isaiah Oliver,FS,NYJ,0.0,0.0,43
Austin Brinkman,LS,HOU,0.0,0.0,1
Mike Purcell,NT,DEN,0.0,0.0,16
Andrew DePaola,LS,MIN,0.0,0.0,6
Theo Benedet,OL,CHI,0.0,0.0,5
Elijah Simmons,DL,TB,0.0,0.0,4
William Wagner,LS,CIN,0.0,0.0,2
J.J. Jansen,LS,CAR,0.0,0.0,3
Bobby Wagner,MLB,WAS,0.0,0.0,51
Lavonte David,OLB,TB,0.0,0.0,49
Harrison Smith,FS,MIN,0.0,0.0,47
Camaron Cheeseman,LS,WAS,0.0,0.0,1
Marcus Maye,FS,LAC,0.0,0.0,19
Matt Milano,OLB,BUF,0.0,0.0,21
Marcus Williams,FS,LAC,0.0,0.0,23
Justin Evans,S,PHI,0.0,0.0,4
T.J. Watt,OLB,PIT,0.0,0.0,47
Olakunle Fatukasi,ILB,LA,0.0,0.0,1
Alex Anzalone,MLB,DET,0.0,0.0,42
Andrew Van Ginkel,OLB,MIN,0.0,0.0,46
Kana'i Mauga,ILB,LV,0.0,0.0,6
Minkah Fitzpatrick,FS,MIA,0.0,0.0,41
Chris Wormley,NT,IND,0.0,0.0,6
Oren Burks,ILB,CIN,0.0,0.0,41
Reid Ferguson,LS,BUF,0.0,0.0,5
Tyler Ott,LS,WAS,0.0,0.0,4
Cal Adomitis,LS,PHI,0.0,0.0,5
Kyle Peko,NT,DET,0.0,0.0,15
Kyle Hergel,OL,NO,0.0,0.0,1
Jayron Kearse,S,DAL,0.0,0.0,16
Rashaan Evans,ILB,DAL,0.0,0.0,6
Evan Anderson,DL,SF,0.0,0.0,10
Austin Johnson,NT,JAX,0.0,0.0,37
Luke Rhodes,LS,IND,0.0,0.0,6
Jacob Bobenmoyer,LS,LV,0.0,0.0,10
Jalen Redmond,DL,MIN,0.0,0.0,27
Chris Stoll,LS,SEA,0.0,0.0,2
David Long Jr.,ILB,MIA,0.0,0.0,27
Avonte Maddox,FS,DET,0.0,0.0,25
Malik Hooker,FS,DAL,0.0,0.0,43
Evan Deckers,LS,TB,0.0,0.0,2
Nick Vigil,OLB,DAL,0.0,0.0,12
Vonn Bell,S,CIN,0.0,0.0,28
Anthony Barr,OLB,MIN,0.0,0.0,2
Xavier Woods,FS,TEN,0.0,0.0,41
Damontae Kazee,S,PIT,0.0,0.0,25
Alex Ward,LS,LA,0.0,0.0,3
Kyle Van Noy,MLB,BAL,0.0,0.0,44
Rudy Ford,FS,GB,0.0,0.0,13
Eddie Jackson,FS,BAL,0.0,0.0,19
Myles Jack,MLB,PIT,0.0,0.0,3
Justin Simmons,FS,ATL,0.0,0.0,31
Taki Taimani,DL,MIN,0.0,0.0,3
Christian Kuntz,LS,PIT,0.0,0.0,8
James Winchester,LS,KC,0.0,0.0,6
C.J. Mosley,ILB,NYJ,0.0,0.0,21
Jessie Bates,FS,ATL,0.0,0.0,51
Matthew Bergeron,OL,ATL,0.0,0.0,15
Elandon Roberts,OLB,LV,0.0,0.0,48
Cory Littleton,ILB,HOU,0.0,0.0,1
Matthew Judon,OLB,MIA,0.0,0.0,32
Blake Martinez,ILB,PIT,0.0,0.0,1
De'Vondre Campbell,OLB,SF,0.0,0.0,24
Kamu Grugier-Hill,OLB,MIN,0.0,0.0,26
Dean Marlowe,S,LAC,0.0,0.0,9
Roquan Smith,ILB,BAL,0.0,0.0,47
Shaquille Leonard,OLB,IND,0.0,0.0,14
Terrell Edmunds,S,PIT,0.0,0.0,17
Zaire Franklin,OLB,IND,0.0,0.0,50
Matthew Adams,OLB,NYG,0.0,0.0,15
Haason Reddick,OLB,TB,0.0,0.0,37
Blake Ferguson,LS,MIA,0.0,0.0,3
Duke Riley,MLB,MIA,0.0,0.0,18
Torricelli Simpkins III,OL,NO,0.0,0.0,3
Aaron Donald,DL,LA,0.0,0.0,16
Zach Cunningham,ILB,DET,0.0,0.0,19
Thomas Hennessy,LS,NYJ,0.0,0.0,7
Zach Triner,LS,TB,0.0,0.0,3
Raekwon McMillan,MLB,NE,0.0,0.0,9
Liam McCullough,LS,ATL,0.0,0.0,4
Adrian Colbert,FS,CHI,0.0,0.0,1
Anthony Walker,MLB,MIA,0.0,0.0,25
Trent Sieg,LS,DAL,0.0,0.0,6
Scott Daly,LS,CHI,0.0,0.0,9
Tyrann Mathieu,FS,NO,0.0,0.0,34
Jordan Kunaszyk,ILB,CLE,0.0,0.0,2
Nick Moore,LS,BAL,0.0,0.0,1
Darius Robinson,DL,ARI,0.0,0.0,20
Kenny Clark,NT,DAL,0.0,0.0,48
Javon Hargrave,NT,MIN,0.0,0.0,33
Adrian Amos,S,NYJ,0.0,0.0,10
Eric Kendricks,MLB,SF,0.0,0.0,32
Eddie Goldman,NT,WAS,0.0,0.0,21
Shaq Thompson,OLB,BUF,0.0,0.0,18
Duron Harmon,S,CHI,0.0,0.0,6
Tony Jefferson,S,LAC,0.0,0.0,17
Jordan Poyer,FS,BUF,0.0,0.0,41
Micah Hyde,S,BUF,0.0,0.0,14
Daron Payne,NT,WAS,0.0,0.0,46
Julian Ashby,LS,NE,0.0,0.0,6
Demario Davis,OLB,NO,0.0,0.0,50
Brandon Joseph,S,DET,0.0,0.0,4
Fred Warner,MLB,SF,0.0,0.0,39
Kevin Byard,FS,CHI,0.0,0.0,50
Zach Wood,LS,NO,0.0,0.0,9
Jaylon Smith,MLB,LV,0.0,0.0,1
Justin Dedich,OL,LA,0.0,0.0,2
Eric Murray,S,JAX,0.0,0.0,33
David Mayo,OLB,WAS,0.0,0.0,11
Chris Smith II,S,LV,0.0,0.0,9
Mitchell Fraboni,LS,DEN,0.0,0.0,15
Quandre Diggs,S,TEN,0.0,0.0,33
Tremaine Edmunds,MLB,CHI,0.0,0.0,45
Kyzir White,OLB,TEN,0.0,0.0,29
Jordan Whitehead,FS,TB,0.0,0.0,28
Josey Jewell,ILB,CAR,0.0,0.0,28
Justin Reid,S,NO,0.0,0.0,47
Josh Harris,LS,LAC,0.0,0.0,7
Jake McQuaide,LS,LA,0.0,0.0,2
Leighton Vander Esch,OLB,DAL,0.0,0.0,5
Morgan Cox,LS,TEN,0.0,0.0,4
Rex Sunahara,LS,CLE,0.0,0.0,8
Austen Pleasants,OL,SF,0.0,0.0,1
Tyler Matakevich,ILB,PIT,0.0,0.0,9
Ross Matiscik,LS,JAX,0.0,0.0,11
Jerome Baker,OLB,CLE,0.0,0.0,39
Derwin James,FS,LAC,0.0,0.0,47
Von Miller,OLB,WAS,0.0,0.0,30
Matthew Orzech,LS,GB,0.0,0.0,5
Kareem Jackson,S,BUF,0.0,0.0,12
Levi Drake Rodriguez,DL,MIN,0.0,0.0,16
Charley Hughlett,LS,PHI,0.0,0.0,8
Aaron Brewer,LS,ARI,0.0,0.0,2
Tashaun Gipson,FS,SF,0.0,0.0,18
Rodney McLeod Jr.,FS,CLE,0.0,0.0,24
Jon Weeks,LS,SF,0.0,0.0,3
Joe Tippmann,C,NYJ,0.0,-4.5004737340772706e-05,17
Tyler Linderbaum,C,BAL,0.0,-4.705040721989874e-05,16
Graham Barton,C,TB,0.0,-4.9290902801798675e-05,15
Elgton Jenkins,C,GB,0.0,-5.175544794188861e-05,14
Graham Glasgow,C,DET,0.0,-5.447941888619853e-05,13
Coleman Shelton,C,LA,0.0,-5.447941888619853e-05,13
Josh Myers,C,NYJ,0.0,-5.447941888619853e-05,13
Creed Humphrey,C,KC,0.0,-5.447941888619853e-05,13
Ethan Pocic,C,CLE,0.0,-5.447941888619853e-05,13
Aaron Brewer,C,MIA,0.0,-5.447941888619853e-05,13
Drew Dalman,C,CHI,0.0,-5.750605326876512e-05,12
Evan Brown,C,ARI,0.0,-5.750605326876512e-05,12
Jackson Powers-Johnson,C,LV,0.0,-6.088876228457484e-05,11
Cade Mays,C,CAR,0.0,-6.088876228457484e-05,11
Mitch Morse,C,JAX,0.0,-6.088876228457484e-05,11
Tyler Biadasz,C,WAS,0.0,-6.469430992736077e-05,10
Luke Fortner,C,NO,0.0,-6.469430992736077e-05,10
Cam Jurgens,C,PHI,0.0,-6.469430992736077e-05,10
Connor Williams,C,SEA,0.0,-6.469430992736077e-05,10
Quinn Meinerz,C,DEN,0.0,-6.469430992736077e-05,10
Erik McCoy,C,NO,0.0,-6.469430992736077e-05,10
Juice Scruggs,C,HOU,0.0,-6.469430992736077e-05,10
Lloyd Cushenberry III,C,TEN,0.0,-6.900726392251816e-05,9
Garrett Bradbury,C,NE,0.0,-6.900726392251816e-05,9
John Michael Schmitz,C,NYG,0.0,-6.900726392251816e-05,9
Luke Wattenberg,C,DEN,0.0,-6.900726392251816e-05,9
Bradley Bozeman,C,LAC,0.0,-7.3936354202698e-05,8
Ben Brown,C,NE,0.0,-7.962376606444402e-05,7
Cesar Ruiz,C,NO,0.0,-7.962376606444402e-05,7
Luke Wypler,C,CLE,0.0,-8.625907990314769e-05,6
Brock Hoffman,C,DAL,0.0,-8.625907990314769e-05,6
Jake Andrews,C,HOU,0.0,-9.410081443979747e-05,5
Austin Schlottmann,C,NYG,0.0,-9.410081443979747e-05,5
Olu Oluwatimi,C,SEA,0.0,-9.410081443979747e-05,5
Mason Cole,C,PIT,0.0,-9.410081443979747e-05,5
Jason Kelce,C,PHI,0.0,-9.410081443979747e-05,5
Jared Wilson,C,NE,0.0,-0.00010351089588377721,4
Michael Deiter,C,HOU,0.0,-0.00010351089588377721,4
Jarrett Patterson,C,HOU,0.0,-0.00010351089588377721,4
Ryan Kelly,C,MIN,0.0,-0.00010351089588377721,4
Sam Mustipher,C,LAC,0.0,-0.00011501210653753024,3
David Andrews,C,NE,0.0,-0.00012938861985472153,2
Kingsley Eguakun,C,DET,0.0,-0.00012938861985472153,2
Ryan McCollum,C,PIT,0.0,-0.00012938861985472153,2
Doug Kramer,C,CHI,0.0,-0.00012938861985472153,2
Nick Harris,C,CLE,0.0,-0.00012938861985472153,2
Will Clapp,C,LAC,0.0,-0.00012938861985472153,2
Matt Lee,C,CIN,0.0,-0.000147872708405396,1
Tyler Larsen,C,WAS,0.0,-0.000147872708405396,1
Will Putnam,C,LV,0.0,-0.000147872708405396,1
Andrew Meyer,C,MIA,0.0,-0.000147872708405396,1
Dylan McMahon,C,LA,0.0,-0.000147872708405396,1
Sedrick Van Pran-Granger,C,BUF,0.0,-0.000147872708405396,1
Jake Hanson,C,NYJ,0.0,-0.000147872708405396,1
Wesley French,C,IND,0.0,-0.000147872708405396,1
Trystan Colon,C,ARI,0.0,-0.000147872708405396,1
Sean Harlow,C,NYG,0.0,-0.000147872708405396,1
Dominick Puni,OT,SF,-0.028125,-0.0017332537853851204,8
Tavierre Thomas,SAF,MIN,-0.006666666666666667,-0.005374454528094703,32
Johnny Hekker,P,TEN,-0.009647058823529413,-0.00850095498219531,51
Zach Frazier,C,PIT,-0.01875,-0.011319007263922518,9
Cameron Johnston,P,BUF,-0.023589743589743594,-0.01738207577502155,18
Ryan Stonehouse,P,TEN,-0.036666666666666674,-0.03016822192338475,29
Jamie Gillan,P,NYG,-0.040625,-0.03579431603817562,46
Braden Mann,P,PHI,-0.08506666666666667,-0.07565129273912362,49
